DRG14601	直腸切除術，年齡大於等於41歲，有合併症或併發症
DRG14602	直腸切除術，年齡 0-40 歲，有合併症或併發症
DRG14701	直腸切除術，年齡大於等於41歲，無合併症或併發症
DRG14702	直腸切除術，年齡 0-40 歲，無合併症或併發症
DRG14801	小腸及大腸重大之手術(1)，有合併症或併發症
DRG14901	小腸及大腸重大之手術(1)，無合併症或併發症
DRG14802	小腸及大腸重大之手術(2)，有合併症或併發症
DRG14902	小腸及大腸重大之手術(2)，無合併症或併發症
DRG14803	小腸及大腸重大之手術(3)，有合併症或併發症
DRG14903	小腸及大腸重大之手術(3)，無合併症或併發症
DRG14804	小腸及大腸重大之手術(4)，有合併症或併發症
DRG14904	小腸及大腸重大之手術(4)，無合併症或併發症
DRG14805	小腸及大腸重大之手術(5)，年齡大於70 歲，有合併症或併發症
DRG14806	小腸及大腸重大之手術(5)，年齡 41-70 歲，有合併症或併發症
DRG14807	小腸及大腸重大之手術(5)，年齡 0-40 歲，有合併症或併發症
DRG14905	小腸及大腸重大之手術(5)，年齡大於70歲，無合併症或併發症
DRG14906	小腸及大腸重大之手術(5)，年齡 41-70 歲，無合併症或併發症
DRG14907	小腸及大腸重大之手術(5)，年齡 0-40 歲，無合併症或併發症
DRG150	腹膜黏連鬆解術，有合併症或併發症
DRG151	腹膜黏連鬆解術，無合併症或併發症
DRG152	小腸及大腸小手術，有合併症或併發症
DRG153	小腸及大腸小手術，無合併症或併發症
DRG15401	胃、食道及十二指腸手術(1)，年齡大於等於18歲，有合併症或併發症
DRG15501	胃、食道及十二指腸手術(1)，年齡大於等於18歲，無合併症或併發症
DRG15601	胃、食道及十二指腸手術(1)，年齡0-17歲，有合併症或併發症
DRG15602	胃、食道及十二指腸手術(1)，年齡0-17歲，無合併症或併發症
DRG15405	胃、食道及十二指腸手術(2)，年齡大於70歲，有合併症或併發症
DRG15505	胃、食道及十二指腸手術(2)，年齡大於70歲，無合併症或併發症
DRG15406	胃、食道及十二指腸手術(2)，年齡41-70歲，有合併症或併發症
DRG15506	胃、食道及十二指腸手術(2)，年齡41-70歲，無合併症或併發症
DRG15402	胃、食道及十二指腸手術(2)，年齡18-40歲，有合併症或併發症
DRG15502	胃、食道及十二指腸手術(2)，年齡18-40歲，無合併症或併發症
DRG15603	胃、食道及十二指腸手術(2)，年齡0-17歲，有合併症或併發症
DRG15604	胃、食道及十二指腸手術(2)，年齡0-17歲，無合併症或併發症
DRG15403	胃、食道及十二指腸手術(3)，年齡大於等於18歲，有合併症或併發症
DRG15503	胃、食道及十二指腸手術(3)，年齡大於等於18歲，無合併症或併發症
DRG15605	胃、食道及十二指腸手術(3)，年齡0-17歲，有合併症或併發症
DRG15606	胃、食道及十二指腸手術(3)，年齡0-17歲，無合併症或併發症
DRG15407	胃、食道及十二指腸手術(4)，年齡大於70 歲，有合併症或併發症
DRG15507	胃、食道及十二指腸手術(4)，年齡大於70 歲，無合併症或併發症
DRG15408	胃、食道及十二指腸手術(4)，年齡 41-70 歲，有合併症或併發症
DRG15508	胃、食道及十二指腸手術(4)，年齡 41-70 歲，無合併症或併發症
DRG15404	胃、食道及十二指腸手術(4)，年齡18-40歲，有合併症或併發症
DRG15504	胃、食道及十二指腸手術(4)，年齡18-40歲，無合併症或併發症
DRG15607	胃、食道及十二指腸手術(4)，年齡0-17歲，有合併症或併發症
DRG15608	胃、食道及十二指腸手術(4)，年齡0-17歲，無合併症或併發症
DRG15701	肛門及廔孔手術(1)，有合併症或併發症
DRG15801	肛門及廔孔手術(1)，無合併症或併發症
DRG15702	肛門及廔孔手術(2)，有合併症或併發症
DRG15802	肛門及廔孔手術(2)，無合併症或併發症
DRG159	疝氣手術，股及腹股溝疝氣手術除外，年齡大於等於18歲，有合併症或併發症
DRG160	疝氣手術，股及腹股溝疝氣手術除外，年齡大於等於18歲，無合併症或併發症
DRG16101	雙側股及腹股溝疝氣手術，年齡大於等於18歲，有合併症或併發症
DRG16201	雙側股及腹股溝疝氣手術，年齡大於等於18歲，無合併症或併發症
DRG16102	單側股及腹股溝疝氣手術，年齡大於等於18歲，有合併症或併發症
DRG16202	單側股及腹股溝疝氣手術，年齡大於等於18歲，無合併症或併發症
DRG16301	腹壁畸形之疝氣手術，年齡0-17歲，有合併症或併發症
DRG16302	腹壁畸形之疝氣手術，年齡0-17歲，無合併症或併發症
DRG16303	雙側及其他疝氣手術，年齡0-17歲，有合併症或併發症
DRG16304	雙側及其他疝氣手術，年齡0-17歲，無合併症或併發症
DRG16305	單側疝氣手術，年齡0-17歲，有合併症或併發症
DRG16306	單側疝氣手術，年齡0-17歲，無合併症或併發症
DRG16401	複雜診斷之腹腔鏡闌尾切除術，有合併症或併發症
DRG16501	複雜診斷之腹腔鏡闌尾切除術，無合併症或併發症
DRG16402	複雜診斷之闌尾切除術，有合併症或併發症
DRG16502	複雜診斷之闌尾切除術，無合併症或併發症
DRG16601	單純性腹腔鏡闌尾切除術，有合併症或併發症
DRG16701	單純性腹腔鏡闌尾切除術，無合併症或併發症
DRG16602	單純性闌尾切除術，有合併症或併發症
DRG16702	單純性闌尾切除術，無合併症或併發症
DRG170	其他消化系統手術，有合併症或併發症
DRG171	其他消化系統手術，無合併症或併發症
DRG17201	食道、胃之原位癌，有合併症或併發症
DRG17301	食道、胃之原位癌，無合併症或併發症
DRG17202	結腸、直腸、肛管、肛門之原位癌，有合併症或併發症
DRG17302	結腸、直腸、肛管、肛門之原位癌，無合併症或併發症
DRG17203	其他消化系統原位癌或性質未明腫瘤，有合併症或併發症
DRG17303	其他消化系統原位癌或性質未明腫瘤，無合併症或併發症
DRG17401	食道靜脈曲張併出血，施行內視鏡處置，有合併症或併發症
DRG17501	食道靜脈曲張併出血，施行內視鏡處置，無合併症或併發症
DRG17405	食道靜脈曲張併出血，無內視鏡處置，有合併症或併發症
DRG17505	食道靜脈曲張併出血，無內視鏡處置，無合併症或併發症
DRG17402	胃、十二指腸、空腸潰瘍併出血，施行內視鏡處置，有合併症或併發症
DRG17502	胃、十二指腸、空腸潰瘍併出血，施行內視鏡處置，無合併症或併發症
DRG17406	胃、十二指腸、空腸潰瘍併出血，無內視鏡處置，有合併症或併發症
DRG17506	胃、十二指腸、空腸潰瘍併出血，無內視鏡處置，無合併症或併發症
DRG17403	小腸及大腸出血，施行內視鏡處置，有合併症或併發症
DRG17503	小腸及大腸出血，施行內視鏡處置，無合併症或併發症
DRG17407	小腸及大腸出血，無內視鏡處置，有合併症或併發症
DRG17507	小腸及大腸出血，無內視鏡處置，無合併症或併發症
DRG17408	其他胃腸出血併多重器官衰竭
DRG17404	其他胃腸出血，無多重器官衰竭，有合併症或併發症
DRG17504	其他胃腸出血，無多重器官衰竭，無合併症或併發症
DRG17601	重度消化性潰瘍(1)，有合併症或併發症
DRG17602	重度消化性潰瘍(1)，無合併症或併發症
DRG17603	重度消化性潰瘍(2)，有合併症或併發症
DRG17604	重度消化性潰瘍(2)，無合併症或併發症
DRG177	輕度消化性潰瘍，有合併症或併發症
DRG178	輕度消化性潰瘍，無合併症或併發症
DRG17911	克隆氏症(1)，有多重複雜次診斷，年齡大於等於18歲
DRG17912	克隆氏症(1)，有多重複雜次診斷，年齡 0-17歲
DRG17913	克隆氏症(1)，無多重複雜次診斷，年齡大於等於18歲，有合併症或併發症
DRG17914	克隆氏症(1)，無多重複雜次診斷，年齡大於等於18歲，無合併症或併發症
DRG17915	克隆氏症(1)，無多重複雜次診斷，年齡0-17歲，有合併症或併發症
DRG17916	克隆氏症(1)，無多重複雜次診斷，年齡0-17歲，無合併症或併發症
DRG17917	克隆氏症(2)，有多重複雜次診斷，年齡大於等於18歲
DRG17918	克隆氏症(2)，有多重複雜次診斷，年齡0-17歲
DRG17919	克隆氏症(2)，無多重複雜次診斷，年齡大於等於18歲，有合併症或併發症
DRG17920	克隆氏症(2)，無多重複雜次診斷，年齡大於等於18歲，無合併症或併發症
DRG17921	克隆氏症(2)，無多重複雜次診斷，年齡0-17歲，有合併症或併發症
DRG17922	克隆氏症(2)，無多重複雜次診斷，年齡0-17歲，無合併症或併發症
DRG17931	潰瘍性大腸炎，有多重複雜次診斷，年齡大於等於18歲
DRG17932	潰瘍性大腸炎，有多重複雜次診斷，年齡 0-17歲
DRG17933	潰瘍性大腸炎，無多重複雜次診斷，年齡大於等於18歲，有合併症或併發症
DRG17934	潰瘍性大腸炎，無多重複雜次診斷，年齡大於等於18歲，無合併症或併發症
DRG17935	潰瘍性大腸炎，無多重複雜次診斷，年齡0-17歲，有合併症或併發症
DRG17936	潰瘍性大腸炎，無多重複雜次診斷，年齡0-17歲，無合併症或併發症
DRG17937	其他腸炎有多重複雜次診斷，年齡大於等於18歲
DRG17938	其他腸炎)有多重複雜次診斷，年齡0-17歲
DRG17939	其他腸炎，無多重複雜次診斷，年齡大於等於18歲，有合併症或併發症
DRG17940	其他腸炎，無多重複雜次診斷，年齡大於等於18歲，無合併症或併發症
DRG17941	其他腸炎，無多重複雜次診斷，年齡0-17歲，有合併症或併發症
DRG17942	其他腸炎，無多重複雜次診斷，年齡0-17歲，無合併症或併發症
DRG18001	胃腸阻塞，年齡大於等於18歲，有合併症或併發症
DRG18101	胃腸阻塞，年齡大於等於18歲，無合併症或併發症
DRG18002	胃腸阻塞(1)，年齡 0-17歲，有合併症或併發症
DRG18102	胃腸阻塞(1)，年齡 0-17歲，無合併症或併發症
DRG18003	胃腸阻塞(2)，年齡 0-17歲，有合併症或併發症
DRG18103	胃腸阻塞(2)，年齡 0-17歲，無合併症或併發症
DRG182	食道炎、胃腸炎及各種消化性疾病，年齡大於等於18歲，有合併症或併發症
DRG183	食道炎、胃腸炎及各種消化性疾病，年齡大於等於18歲，無合併症或併發症
DRG18403	食道穿孔、狹窄及瘻管，年齡0-17歲，有合併症或併發症
DRG18404	食道穿孔、狹窄及瘻管，年齡0-17歲，無合併症或併發症
DRG18405	食道炎及其他消化性疾病，年齡0-17歲，有合併症或併發症
DRG18406	食道炎及其他消化性疾病，年齡0-17歲，無合併症或併發症
DRG18401	其他消化性疾病，年齡0-17歲，有合併症或併發症
DRG18402	其他消化性疾病，年齡0-17歲，無合併症或併發症
DRG18801	其他消化系統診斷(1)，年齡大於等於18歲，有合併症或併發症
DRG18901	其他消化系統診斷(1)，年齡大於等於18歲，無合併症或併發症
DRG19001	其他消化系統診斷(1)，年齡0-17歲，有合併症或併發症
DRG19002	其他消化系統診斷(1)，年齡0-17歲，無合併症或併發症
DRG18802	其他消化系統診斷(2)，年齡大於等於18歲，有合併症或併發症
DRG18902	其他消化系統診斷(2)，年齡大於等於18歲，無合併症或併發症
DRG19003	其他消化系統診斷(2)，年齡0~17歲，有合併症或併發症
DRG19004	其他消化系統診斷(2)，年齡0~17歲，無合併症或併發症
DRG18803	其他消化系統診斷(3)，年齡大於等於18歲，有合併症或併發症
DRG18903	其他消化系統診斷(3)，年齡大於等於18歲，無合併症或併發症
DRG19005	其他消化系統診斷(3)，年齡0-17歲，有合併症或併發症
DRG19006	其他消化系統診斷(3)，年齡0-17歲，無合併症或併發症
DRG18806	腸穿孔，年齡大於等於18歲，有合併症或併發症
DRG18906	腸穿孔，年齡大於等於18歲，無合併症或併發症
DRG19011	腸穿孔，年齡 0-17歲，有合併症或併發症
DRG19012	腸穿孔，年齡 0-17歲，無合併症或併發症
DRG18804	其他消化系統診斷(4)，年齡大於等於18歲，有合併症或併發症
DRG18904	其他消化系統診斷(4)，年齡大於等於18歲，無合併症或併發症
DRG19007	其他消化系統診斷(4)，年齡0-17歲，有合併症或併發症
DRG19008	其他消化系統診斷(4)，年齡0-17歲，無合併症或併發症
DRG18807	其他消化系統診斷(6)，年齡大於等於18歲，有合併症或併發症
DRG18907	其他消化系統診斷(6)，年齡大於等於18歲，無合併症或併發症
DRG19013	其他消化系統診斷(6)，年齡0-17歲，有合併症或併發症
DRG19014	其他消化系統診斷(6)，年齡0-17歲，無合併症或併發症
DRG18808	其他消化系統診斷(7)，年齡大於等於18歲，有合併症或併發症
DRG18908	其他消化系統診斷(7)，年齡大於等於18歲，無合併症或併發症
DRG19015	其他消化系統診斷(7)，年齡0-17歲，有合併症或併發症
DRG19016	其他消化系統診斷(7)，年齡0-17歲，無合併症或併發症
DRG18805	其他消化系統診斷(5)，年齡大於等於18歲，有合併症或併發症
DRG18905	其他消化系統診斷(5)，年齡大於等於18歲，無合併症或併發症
DRG19009	其他消化系統診斷(5)，年齡0-17歲，有合併症或併發症
DRG19010	其他消化系統診斷(5)，年齡0-17歲，無合併症或併發症
DRG191	胰、肝及其吻合性手術，有合併症或併發症
DRG192	胰、肝及其吻合性手術，無合併症或併發症
DRG19301	膽道閉鎖手術，有合併症或併發症
DRG19401	膽道閉鎖手術，無合併症或併發症
DRG19302	其他膽道手術(1)，膽囊切除術除外，有合併症或併發症
DRG19402	其他膽道手術(1)，膽囊切除術除外，無合併症或併發症
DRG19303	其他膽道手術(2)，膽囊切除術除外，有合併症或併發症
DRG19403	其他膽道手術(2)，膽囊切除術除外，無合併症或併發症
DRG195	膽囊切除術，有總膽管探查，有合併症或併發症
DRG196	膽囊切除術，有總膽管探查，無合併症或併發症
DRG197	膽囊切除術，無總膽管探查，有合併症或併發症
DRG198	膽囊切除術，無總膽管探查，無合併症或併發症
DRG199	肝、膽原位癌之診斷性手術
DRG20001	其他肝、膽之診斷性手術，有合併症或併發症
DRG20002	其他肝、膽之診斷性手術，無合併症或併發症
DRG20101	其他肝、膽或胰臟手術，有合併症或併發症
DRG20102	其他肝、膽或胰臟手術，無合併症或併發症
DRG20203	肝硬化及酒精性肝炎，有出血，有急性呼吸衰竭，有感染
DRG20204	肝硬化及酒精性肝炎，有出血，有急性呼吸衰竭，無感染
DRG20205	肝硬化及酒精性肝炎，有出血，無呼吸衰竭，有感染
DRG20206	肝硬化及酒精性肝炎，有出血，無呼吸衰竭，無感染
DRG20207	肝硬化及酒精性肝炎，無出血，有急性呼吸衰竭，有感染
DRG20208	肝硬化及酒精性肝炎，無出血，有急性呼吸衰竭，無感染
DRG20209	肝硬化及酒精性肝炎，無出血，無呼吸衰竭，有感染
DRG20210	肝硬化及酒精性肝炎，無出血，無呼吸衰竭，無感染，有特定疾患
DRG20201	肝硬化及酒精性肝炎，其他有合併症或併發症
DRG20202	肝硬化及酒精性肝炎，無合併症或併發症
DRG20301	肝、膽系統原位癌，有合併症或併發症
DRG20302	肝、膽系統原位癌，無合併症或併發症
DRG20401	急性胰臟炎，有經內視鏡處置，有急性呼吸衰竭，有感染，有引流
DRG20404	胰臟疾患，有經內視鏡處置，有急性呼吸衰竭，有感染，無引流
DRG20405	急性胰臟炎，有經內視鏡處置，有急性呼吸衰竭，無感染
DRG20406	急性胰臟炎，有經內視鏡處置，無急性呼吸衰竭，有感染，有引流
DRG20407	急性胰臟炎，有經內視鏡處置，無急性呼吸衰竭，有感染，無引流
DRG20408	急性胰臟炎，有經內視鏡處置，無急性呼吸衰竭，無感染
DRG20409	急性胰臟炎，無經內視鏡處置，有急性呼吸衰竭，有感染，有引流
DRG20410	急性胰臟炎，無經內視鏡處置，有急性呼吸衰竭，有感染，無引流
DRG20411	急性胰臟炎，無經內視鏡處置，有急性呼吸衰竭，無感染
DRG20412	急性胰臟炎，無經內視鏡處置，無急性呼吸衰竭，有感染，有引流
DRG20413	急性胰臟炎，無經內視鏡處置，無急性呼吸衰竭，有感染，無引流
DRG20414	急性胰臟炎，無經內視鏡處置，無急性呼吸衰竭，無感染
DRG20415	其他胰臟疾患，有經內視鏡處置，有引流
DRG20416	其他胰臟疾患，有經內視鏡處置，無引流
DRG20417	其他胰臟疾患，無經內視鏡處置，有引流
DRG20418	其他胰臟疾患，無經內視鏡處置，無引流
DRG20402	胰臟創傷或移植後，有合併症或併發症
DRG20403	胰臟創傷或移植後，無合併症或併發症
DRG20501	肝膿瘍，有引流，有合併症或併發症
DRG20502	肝膿瘍，有引流，無合併症或併發症
DRG20503	肝膿瘍，無引流，有合併症或併發症
DRG20504	肝膿瘍，無引流，無合併症或併發症
DRG20505	急性肝炎或慢性肝炎併急性發作併肝昏迷，有急性呼吸衰竭，有感染
DRG20506	急性肝炎或慢性肝炎併急性發作併肝昏迷，有急性呼吸衰竭，無感染
DRG20507	急性肝炎或慢性肝炎併急性發作併肝昏迷，無急性呼吸衰竭，有感染
DRG20508	急性肝炎或慢性肝炎併急性發作併肝昏迷，無急性呼吸衰竭，無感染
DRG20509	急性肝炎或慢性肝炎併急性發作，無肝昏迷，有特定併發症
DRG20510	急性肝炎或慢性肝炎併急性發作，無肝昏迷，無特定併發症
DRG20511	肝膽系統血栓疾病，有合併症或併發症
DRG20512	肝膽系統血栓疾病，無合併症或併發症
DRG20513	其他肝膽系統疾患，有合併症或併發症
DRG20514	其他肝膽系統疾患，無合併症或併發症
DRG20701	膽道疾患，有PTGBD、PTCD引流，年齡大於等於18歲，有合併症或併發症
DRG20801	膽道疾患，有PTGBD、PTCD引流，年齡大於等於18歲，無合併症或併發症
DRG20702	膽道疾患，有內視鏡處置，年齡大於等於18歲，有合併症或併發症
DRG20802	膽道疾患，有內視鏡處置，年齡大於等於18歲，無合併症或併發症
DRG20703	膽道疾患，無PTGBD、PTCD引流或內視鏡處置，年齡大於等於18歲，有合併症或併發症
DRG20803	膽道疾患，無PTGBD、PTCD引流或內視鏡處置，年齡大於等於18歲，無合併症或併發症
DRG20704	膽道疾患，有特定次診斷(1)，年齡0-17歲
DRG20705	膽道疾患，有特定次診斷(2)，年齡0-17歲
DRG20706	膽道疾患，無特定次診斷(1)(2)，年齡0-17歲，有合併症或併發症
DRG20806	膽道疾患，無特定次診斷(1)(2)，年齡0-17歲，無合併症或併發症
DRG49301	腹腔鏡膽囊切除術，有內視鏡手術，無總膽管探查，有合併症或併發症
DRG49401	腹腔鏡膽囊切除術，有內視鏡手術，無總膽管探查，無合併症或併發症
DRG49302	腹腔鏡膽囊切除術，無內視鏡手術，無總膽管探查，有合併症或併發症
DRG49402	腹腔鏡膽囊切除術，無內視鏡手術，無總膽管探查，無合併症或併發症
DRG20901	髖關節再置換術，有合併症或併發症
DRG20902	髖關節再置換術，無合併症或併發症
DRG20907	膝關節再置換術，有合併症或併發症
DRG20908	膝關節再置換術，無合併症或併發症
DRG20903	全髖關節置換術
DRG20904	部分髖關節置換術
DRG20905	全膝關節置換術
DRG20909	部分膝關節置換術
DRG20906	全踝關節置換術及下肢重附著術
DRG21011	開放性骨折，髖及股骨手術，兩處以上，下肢關節除外，年齡大於等於18歲，有合併症或併發症
DRG21111	開放性骨折，髖及股骨手術，兩處以上，下肢關節除外，年齡大於等於18歲，無合併症或併發症
DRG21211	開放性骨折，髖及股骨手術，兩處以上，下肢關節除外，年齡0-17歲，有合併症或併發症
DRG21212	開放性骨折，髖及股骨手術，兩處以上，下肢關節除外，年齡0-17歲，無合併症或併發症
DRG21001	開放性骨折，髖及股骨手術1處，下肢關節除外，年齡大於等於18歲，有合併症或併發症
DRG21101	開放性骨折，髖及股骨手術1處，下肢關節除外，年齡大於等於18歲，無合併症或併發症
DRG21201	開放性骨折，髖及股骨手術1處，下肢關節除外，年齡0-17歲，有合併症或併發症
DRG21202	開放性骨折，髖及股骨手術1處，下肢關節除外，年齡0-17歲，無合併症或併發症
DRG21012	體內關節裝置物所致感染及發炎之髖及股骨手術，下肢關節除外，年齡大於等於18歲，有合併症或併發症
DRG21112	體內關節裝置物所致感染及發炎之髖及股骨手術，下肢關節除外，年齡大於等於18歲，無合併症或併發症
DRG21002	其他主或次診斷為感染之髖及股骨手術，下肢關節除外，年齡大於等於18歲，有合併症或併發症
DRG21102	其他主或次診斷為感染之髖及股骨手術，下肢關節除外，年齡大於等於18歲，無合併症或併發症
DRG21203	主或次診斷為感染之髖及股骨手術，下肢關節除外，年齡0-17歲，有合併症或併發症
DRG21204	主或次診斷為感染之髖及股骨手術，下肢關節除外，年齡0-17歲，無合併症或併發症
DRG21013	閉鎖性骨折及其他骨骼肌肉系統及結締組織之疾病與疾患，髖及股骨手術2處以上，下肢關節除外，年齡大於等於18歲，有合併症或併發症
DRG21113	閉鎖性骨折及其他骨骼肌肉系統及結締組織之疾病與疾患，髖及股骨手術2處以上，下肢關節除外，年齡大於等於18歲，無合併症或併發症
DRG21213	閉鎖性骨折及其他骨骼肌肉系統及結締組織之疾病與疾患，髖及股骨手術2處以上，下肢關節除外，年齡0-17歲，有合併症或併發症
DRG21214	閉鎖性骨折及其他骨骼肌肉系統及結締組織之疾病與疾患，髖及股骨手術2處以上，下肢關節除外，年齡0-17歲，無合併症或併發症
DRG21003	閉鎖性骨折及其他骨骼肌肉系統及結締組織之疾病與疾患，髖及股骨手術1處，下肢關節除外，年齡大於等於18歲，有合併症或併發症
DRG21103	閉鎖性骨折及其他骨骼肌肉系統及結締組織之疾病與疾患，髖及股骨手術1處，下肢關節除外，年齡大於等於18歲，無合併症或併發症
DRG21205	閉鎖性骨折及其他骨骼肌肉系統及結締組織之疾病與疾患，髖及股骨手術1處，下肢關節除外，年齡0-17歲，有合併症或併發症
DRG21206	閉鎖性骨折及其他骨骼肌肉系統及結締組織之疾病與疾患，髖及股骨手術1處，下肢關節除外，年齡0-17歲，無合併症或併發症
DRG21301	骨骼、肌肉系統及結締組織之截斷術(1)，有合併症或併發症
DRG21302	骨骼、肌肉系統及結締組織之截斷術(1)，無合併症或併發症
DRG21303	骨骼、肌肉系統及結締組織之截斷術(2)，有合併症或併發症
DRG21304	骨骼、肌肉系統及結締組織之截斷術(2)，無合併症或併發症
DRG21305	骨骼、肌肉系統及結締組織之截斷術(3)，有合併症或併發症
DRG21306	骨骼、肌肉系統及結締組織之截斷術(3)，無合併症或併發症
DRG21601	骨骼、肌肉系統及結締組織之活體切片，有合併症或併發症
DRG21602	骨骼、肌肉系統及結締組織之活體切片，無合併症或併發症
DRG21701	骨骼、肌肉系統及結締組織疾患之擴創術及皮膚移植術，手除外(1)，有合併症或併發症
DRG21702	骨骼、肌肉系統及結締組織疾患之擴創術及皮膚移植術，手除外(1)，無合併症或併發症
DRG21703	骨骼、肌肉系統及結締組織疾患之擴創術及皮膚移植術，手除外(2)，有合併症或併發症
DRG21704	骨骼、肌肉系統及結締組織疾患之擴創術及皮膚移植術，手除外(2)，無合併症或併發症
DRG21811	開放性骨折，下肢及肱骨手術兩處以上，髖、足及股骨除外(1)，年齡大於等於18歲，有合併症或併發症
DRG21911	開放性骨折，下肢及肱骨手術兩處以上，髖、足及股骨除外(1)，年齡大於等於18歲，無合併症或併發症
DRG22011	開放性骨折，下肢及肱骨手術兩處以上，髖、足及股骨除外(1)，年齡0-17歲，有合併症或併發症
DRG22012	開放性骨折，下肢及肱骨手術兩處以上，髖、足及股骨除外(1)，年齡0-17歲，無合併症或併發症
DRG21801	開放性骨折，下肢及肱骨手術1處，髖、足及股骨除外(1)，年齡大於等於18歲，有合併症或併發症
DRG21901	開放性骨折，下肢及肱骨手術1處，髖、足及股骨除外(1)，年齡大於等於18歲，無合併症或併發症
DRG22001	開放性骨折，下肢及肱骨手術1處，髖、足及股骨除外(1)，年齡0-17歲，有合併症或併發症
DRG22002	開放性骨折，下肢及肱骨手術1處，髖、足及股骨除外(1)，年齡0-17歲，無合併症或併發症
DRG21812	閉鎖性骨折及其他骨骼肌肉系統及結締組織之疾病與疾患，下肢及肱骨手術兩處以上，髖、足及股骨除外(1)，年齡大於等於18歲，有合併症或併發症
DRG21912	閉鎖性骨折及其他骨骼肌肉系統及結締組織之疾病與疾患，下肢及肱骨手術兩處以上，髖、足及股骨除外(1)，年齡大於等於18歲，無合併症或併發症
DRG22013	閉鎖性骨折及其他骨骼肌肉系統及結締組織之疾病與疾患，下肢及肱骨手術兩處以上，髖、足及股骨除外(1)，年齡0-17歲，有合併症或併發症
DRG22014	閉鎖性骨折及其他骨骼肌肉系統及結締組織之疾病與疾患，下肢及肱骨手術兩處以上，髖、足及股骨除外(1)，年齡0-17歲，無合併症或併發症
DRG21803	閉鎖性骨折及其他骨骼肌肉系統及結締組織之疾病與疾患，下肢及肱骨手術1處，髖、足及股骨除外(1)，年齡大於等於18歲，有合併症或併發症
DRG21903	閉鎖性骨折及其他骨骼肌肉系統及結締組織之疾病與疾患，下肢及肱骨手術1處，髖、足及股骨除外(1)，年齡大於等於18歲，無合併症或併發症
DRG22005	閉鎖性骨折及其他骨骼肌肉系統及結締組織之疾病與疾患，下肢及肱骨手術1處，髖、足及股骨除外(1)，年齡0-17歲，有合併症或併發症
DRG22006	閉鎖性骨折及其他骨骼肌肉系統及結締組織之疾病與疾患，下肢及肱骨手術1處，髖、足及股骨除外(1)，年齡0-17歲，無合併症或併發症
DRG21813	開放性骨折，下肢及肱骨手術兩處以上，髖、足及股骨除外(2)，年齡大於等於18歲，有合併症或併發症
DRG21913	開放性骨折，下肢及肱骨手術兩處以上，髖、足及股骨除外(2)，年齡大於等於18歲，無合併症或併發症
DRG22015	開放性骨折，下肢及肱骨手術兩處以上，髖、足及股骨除外(2)，年齡0-17歲，有合併症或併發症
DRG22016	開放性骨折，下肢及肱骨手術兩處以上，髖、足及股骨除外(2)，年齡0-17歲，無合併症或併發症
DRG21802	開放性骨折，下肢及肱骨手術1處，髖、足及股骨除外(2)，年齡大於等於18歲，有合併症或併發症
DRG21902	開放性骨折，下肢及肱骨手術1處，髖、足及股骨除外(2)，年齡大於等於18歲，無合併症或併發症
DRG22003	開放性骨折，下肢及肱骨手術1處，髖、足及股骨除外(2)，年齡0-17歲，有合併症或併發症
DRG22004	開放性骨折，下肢及肱骨手術1處，髖、足及股骨除外(2)，年齡0-17歲，無合併症或併發症
DRG21814	閉鎖性骨折及其他骨骼肌肉系統及結締組織之疾病與疾患，下肢及肱骨手術兩處以上，髖、足及股骨除外(2)，年齡大於等於18歲，有合併症或併發症
DRG21914	閉鎖性骨折及其他骨骼肌肉系統及結締組織之疾病與疾患，下肢及肱骨手術兩處以上，髖、足及股骨除外(2)，年齡大於等於18歲，無合併症或併發症
DRG22017	閉鎖性骨折及其他骨骼肌肉系統及結締組織之疾病與疾患，下肢及肱骨手術兩處以上，髖、足及股骨除外(2)，年齡0-17歲，有合併症或併發症
DRG22018	閉鎖性骨折及其他骨骼肌肉系統及結締組織之疾病與疾患，下肢及肱骨手術兩處以上，髖、足及股骨除外(2)，年齡0-17歲，無合併症或併發症
DRG21804	閉鎖性骨折及其他骨骼肌肉系統及結締組織之疾病與疾患，下肢及肱骨手術1處，髖、足及股骨除外(2)，年齡大於等於18歲，有合併症或併發症
DRG21904	閉鎖性骨折及其他骨骼肌肉系統及結締組織之疾病與疾患，下肢及肱骨手術1處，髖、足及股骨除外(2)，年齡大於等於18歲，無合併症或併發症
DRG22007	閉鎖性骨折及其他骨骼肌肉系統及結締組織之疾病與疾患，下肢及肱骨手術1處，髖、足及股骨除外(2)，年齡0-17歲，有合併症或併發症
DRG22008	閉鎖性骨折及其他骨骼肌肉系統及結締組織之疾病與疾患，下肢及肱骨手術1處，髖、足及股骨除外(2)，年齡0-17歲，無合併症或併發症
DRG22301	開放性骨折，主要肩肘關節手術
DRG22302	閉鎖性骨折及其他骨骼肌肉系統及結締組織之疾病與疾患，主要肩肘關節手術
DRG22405	開放性骨折，其他肩肘或上肢手術兩處以上，有合併症或併發症
DRG22406	開放性骨折，其他肩肘或上肢手術兩處以上，無合併症或併發症
DRG22401	開放性骨折，其他肩肘或上肢手術1處，有合併症或併發症
DRG22402	開放性骨折，其他肩肘或上肢手術1處，無合併症或併發症
DRG22407	閉鎖性骨折及其他骨骼肌肉系統及結締組織之疾病與疾患，其他肩肘或上肢手術兩處以上，有合併症或併發症
DRG22408	閉鎖性骨折及其他骨骼肌肉系統及結締組織之疾病與疾患，其他肩肘或上肢手術兩處以上，無合併症或併發症
DRG22403	閉鎖性骨折及其他骨骼肌肉系統及結締組織之疾病與疾患，其他肩肘或上肢手術1處，有合併症或併發症
DRG22404	閉鎖性骨折及其他骨骼肌肉系統及結締組織之疾病與疾患，其他肩肘或上肢手術1處，無合併症或併發症
DRG22505	開放性骨折，足部手術兩處以上，有合併症或併發症
DRG22506	開放性骨折，足部手術兩處以上，無合併症或併發症
DRG22501	開放性骨折，足部手術1處，有合併症或併發症
DRG22502	開放性骨折，足部手術1處，無合併症或併發症
DRG22507	閉鎖性骨折及其他骨骼肌肉系統及結締組織之疾病與疾患，足部手術兩處以上，有合併症或併發症
DRG22508	閉鎖性骨折及其他骨骼肌肉系統及結締組織之疾病與疾患，足部手術兩處以上，無合併症或併發症
DRG22503	閉鎖性骨折及其他骨骼肌肉系統及結締組織之疾病與疾患，足部手術1處，有合併症或併發
DRG22504	閉鎖性骨折及其他骨骼肌肉系統及結締組織之疾病與疾患，足部手術1處，無合併症或併發症
DRG22601	軟組織手術(1)，有合併症或併發症
DRG22701	軟組織手術(1)，無合併症或併發症
DRG22602	軟組織手術(2)，有合併症或併發症
DRG22702	軟組織手術(2)，無合併症或併發症
DRG22801	手或腕開放性骨折行軟組織手術，有合併症或併發症
DRG22901	手或腕開放性骨折行軟組織手術，無合併症或併發症
DRG22802	手或腕開放性骨折行骨骼手術，有合併症或併發症
DRG22902	手或腕開放性骨折行骨骼手術，無合併症或併發症
DRG22803	手或腕開放性骨折行顯微手術，有合併症或併發症
DRG22903	手或腕開放性骨折行顯微手術，無合併症或併發症
DRG22804	手或腕閉鎖性骨折，或其他骨骼肌肉系統及結締組織之疾病與疾患，行軟組織手術，有合併症或併發症
DRG22904	手或腕閉鎖性骨折，或其他骨骼肌肉系統及結締組織之疾病與疾患，行軟組織手術，無合併症或併發症
DRG22805	手或腕閉鎖性骨折，或其他骨骼肌肉系統及結締組織之疾病與疾患，行骨骼手術，有合併症或併發症
DRG22905	手或腕閉鎖性骨折，或其他骨骼肌肉系統及結締組織之疾病與疾患，行骨骼手術，無合併症或併發症
DRG22806	手或腕閉鎖性骨折，或其他骨骼肌肉系統及結締組織之疾病與疾患，行顯微手術，有合併症或併發症
DRG22906	手或腕閉鎖性骨折，或其他骨骼肌肉系統及結締組織之疾病與疾患，行顯微手術，無合併症或併發症
DRG23001	髖及股骨內局部切除術，有合併症或併發症
DRG23002	髖及股骨內局部切除術，無合併症或併發症
DRG23005	內固定器移除術，三處以上，有合併症或併發症
DRG23006	內固定器移除術，三處以上，無合併症或併發症
DRG23007	內固定器移除術，二處，有合併症或併發症
DRG23008	內固定器移除術，二處，無合併症或併發症
DRG23009	內固定器移除術，一處，有合併症或併發症
DRG23010	內固定器移除術，一處，無合併症或併發症
DRG23101	局部骨切除術，髖及股骨除外，有合併症或併發症
DRG23102	局部骨切除術，髖及股骨除外，無合併症或併發症
DRG23201	關節內視鏡檢查，有合併症或併發症
DRG23202	關節內視鏡檢查，無合併症或併發症
DRG23301	其他顱骨手術，有合併症或併發症
DRG23302	其他顱骨手術，無合併症或併發症
DRG23403	先天顱顏疾患手術，有合併症或併發症
DRG23404	先天顱顏疾患手術，無合併症或併發症
DRG23405	脊柱側彎手術，有合併症或併發症
DRG23406	脊柱側彎手術，無合併症或併發症
DRG23407	肩關節再置換術，有合併症或併發症
DRG23408	肩關節再置換術，無合併症或併發症
DRG23401	其他骨骼、肌肉系統及結締組織手術，顱骨除外，有合併症或併發症
DRG23402	其他骨骼、肌肉系統及結締組織手術，顱骨除外，無合併症或併發症
DRG23501	股骨骨折(1)，有合併症或併發症
DRG23502	股骨骨折(1)，無合併症或併發症
DRG23503	股骨骨折(2)，有合併症或併發症
DRG23504	股骨骨折(2)，無合併症或併發症
DRG23601	髖骨及骨盆骨折，有合併症或併發症
DRG23602	髖骨及骨盆骨折，無合併症或併發症
DRG23701	髖骨、骨盆及大腿骨之扭傷、拉傷及脫臼，有合併症或併發症
DRG23702	髖骨、骨盆及大腿骨之扭傷、拉傷及脫臼，無合併症或併發症
DRG23801	骨髓炎(1)，有合併症或併發症
DRG23802	骨髓炎(1)，無合併症或併發症
DRG23803	骨髓炎(2)，有合併症或併發症
DRG23804	骨髓炎(2)，無合併症或併發症
DRG23805	骨髓炎(3)，有合併症或併發症
DRG23806	骨髓炎(3)，無合併症或併發症
DRG23901	病理性骨折及骨骼、肌肉及結締組織之腫瘤，有合併症或併發症
DRG23902	病理性骨折及骨骼、肌肉及結締組織之腫瘤，無合併症或併發症
DRG24001	結締組織疾患(1)，有合併症或併發症
DRG24101	結締組織疾患(1)，無合併症或併發症
DRG24004	川奇氏症，有合併症或併發症
DRG24104	川奇氏症，無合併症或併發症
DRG24005	血栓性微血管病變，有合併症或併發症
DRG24105	血栓性微血管病變，無合併症或併發症
DRG24006	類澱粉症等自體免疫疾病，有合併症或併發症
DRG24106	類澱粉症等自體免疫疾病，無合併症或併發症
DRG24002	其他結締組織疾患(2)，有合併症或併發症
DRG24102	其他結締組織疾患(2)，無合併症或併發症
DRG24003	結締組織疾患(3)，有合併症或併發症
DRG24103	結締組織疾患(3)，無合併症或併發症
DRG24201	敗血性關節炎，有合併症或併發症
DRG24202	敗血性關節炎，無合併症或併發症
DRG24203	結核菌性關節炎，有合併症或併發症
DRG24204	結核菌性關節炎，無合併症或併發症
DRG24205	其他感染性關節炎，有合併症或併發症
DRG24206	其他感染性關節炎，無合併症或併發症
DRG24303	發炎性脊椎病變問題，有合併症或併發症
DRG24301	發炎性脊椎病變問題，無合併症或併發症
DRG24302	內科性背部問題
DRG24304	關節退化
DRG24305	椎間盤疾患
DRG244	骨骼疾病及特定關節病變，有合併症或併發症
DRG245	骨骼疾病及特定關節病變，無合併症或併發症
DRG24601	未明示之關節病變，有合併症或併發症
DRG24602	未明示之關節病變，無合併症或併發症
DRG24701	骨骼、肌肉系統及結締組織之症狀及徵候，有合併症或併發症
DRG24702	骨骼、肌肉系統及結締組織之症狀及徵候，無合併症或併發症
DRG24803	肌腱炎、肌炎及滑囊炎併有壞死性筋膜炎
DRG24801	肌腱炎、肌炎及滑囊炎，無壞死性筋膜炎，有合併症或併發症
DRG24802	肌腱炎、肌炎及滑囊炎，無壞死性筋膜炎，無合併症或併發症
DRG24901	體內關節裝置物所致之感染及發炎反應，有合併症或併發症
DRG24902	體內關節裝置物所致之感染及發炎反應，無合併症或併發症
DRG24903	骨骼、肌肉系統及結締組織之恢復期照護，有合併症或併發症
DRG24904	骨骼、肌肉系統及結締組織之恢復期照護，無合併症或併發症
DRG250	前臂、手及足部之骨折、扭傷、拉傷及脫臼，年齡大於等於18歲，有合併症或併發症
DRG251	前臂、手及足部之骨折、扭傷、拉傷及脫臼，年齡大於等於18歲，無合併症或併發症
DRG252	前臂、手及足部之骨折、扭傷、拉傷及脫臼，年齡0~17歲
DRG253	上臂、小腿骨折、扭傷、拉傷及脫臼，年齡大於等於18歲，有合併症或併發症
DRG254	上臂、小腿骨折、扭傷、拉傷及脫臼，年齡大於等於18歲，無合併症或併發症
DRG255	上臂、小腿骨折、扭傷、拉傷及脫臼，年齡0-17歲
DRG25601	截肢殘肢之診斷，有合併症或併發症
DRG25602	截肢殘肢之診斷，無合併症或併發症
DRG25605	其他先天性骨骼、肌肉系統及結締組織之疾患，有合併症或併發症
DRG25606	其他先天性骨骼、肌肉系統及結締組織之疾患，無合併症或併發症
DRG25603	其他骨骼、肌肉系統及結締組織之疾患，有合併症或併發症
DRG25604	其他骨骼、肌肉系統及結締組織之疾患，無合併症或併發症
DRG47101	下肢兩側或多發性關節手術(1)，有合併症或併發症
DRG47102	下肢兩側或多發性關節手術(1)，無合併症或併發症
DRG47103	下肢兩側或多發性關節手術(2)
DRG49101	肩關節置換術，有合併症或併發症
DRG49102	肩關節置換術，無合併症或併發症
DRG49201	其他上肢關節接肢手術，有合併症或併發症
DRG49202	其他上肢關節接肢手術，無合併症或併發症
DRG49601	前、後側合併脊椎融合術，7節以上
DRG49602	前、後側合併脊椎融合術，6節以下
DRG49701	後側及其他脊椎融合術，7節以上，有合併症或併發症
DRG49702	後側及其他脊椎融合術，7節以上，無合併症或併發症
DRG49703	後側及其他脊椎融合術，6節以下，有合併症或併發症
DRG49704	後側及其他脊椎融合術，6節以下，無合併症或併發症
DRG49801	前側脊椎融合術，有復健，有合併症或併發症
DRG49802	前側脊椎融合術，有復健，無合併症或併發症
DRG49803	前側脊椎融合術，無復健，有合併症或併發症
DRG49804	前側脊椎融合術，無復健，無合併症或併發症
DRG49901	背及頸椎手術，脊椎融合術除外，有復健，有合併症或併發症
DRG50001	背及頸椎手術，脊椎融合術除外，有復健，無合併症或併發症
DRG49902	背及頸椎手術，脊椎融合術除外，無復健，有合併症或併發症
DRG50002	背及頸椎手術，脊椎融合術除外，無復健，無合併症或併發症
DRG50101	膝關節裝置物所致感染行修補術，有合併症或併發症
DRG50201	膝關節裝置物所致感染行修補術，無合併症或併發症
DRG50102	其他膝關節感染之手術，有合併症或併發症
DRG50202	其他膝關節感染之手術，無合併症或併發症
DRG50301	主要診斷非膝關節感染之十字韌帶手術，有合併症或併發症
DRG50302	主要診斷非膝關節感染之十字韌帶手術，無合併症或併發症
DRG50303	主要診斷非膝關節感染之手術，有合併症或併發症
DRG50304	主要診斷非膝關節感染之手術，無合併症或併發症
DRG25701	雙側乳房原位癌全切除術或全乳房重建，有合併症或併發症
DRG25801	雙側乳房原位癌全切除術或全乳房重建，無合併症或併發症
DRG25702	單側乳房原位癌全切除術，有合併症或併發症
DRG25802	單側乳房原位癌全切除術，無合併症或併發症
DRG259	乳房原位癌次全切除術，有合併症或併發症
DRG260	乳房原位癌次全切除術，無合併症或併發症
DRG26101	雙側乳房非惡性腫瘤手術，活體切片及局部切除術除外
DRG26102	單側乳房非惡性腫瘤手術，活體切片及局部切除術除外
DRG26201	乳房非惡性腫瘤之活體切片及局部切除術，有合併症或併發症
DRG26202	乳房非惡性腫瘤之活體切片及局部切除術，無合併症或併發症
DRG26301	皮膚潰瘍或蜂窩組織炎，皮膚重建相關顯微手術，有合併症或併發症
DRG26401	皮膚潰瘍或蜂窩組織炎，皮膚重建相關顯微手術，無合併症或併發症
DRG26302	皮膚潰瘍或蜂窩組織炎，皮膚重建相關手術，有合併症或併發症
DRG26402	皮膚潰瘍或蜂窩組織炎，皮膚重建相關手術，無合併症或併發症
DRG26303	皮膚潰瘍或蜂窩組織炎，其他皮膚移植或擴創術，有合併症或併發症
DRG26403	皮膚潰瘍或蜂窩組織炎，其他皮膚移植或擴創術，無合併症或併發症
DRG26501	皮膚重建相關顯微手術，皮膚潰瘍或蜂窩組織炎除外，有合併症或併發症
DRG26601	皮膚重建相關顯微手術，皮膚潰瘍或蜂窩組織炎除外，無合併症或併發症
DRG26502	皮膚重建相關手術，皮膚潰瘍或蜂窩組織炎除外，有合併症或併發症
DRG26602	皮膚重建相關手術，皮膚潰瘍或蜂窩組織炎除外，無合併症或併發症
DRG26503	其他皮膚移植或擴創術，皮膚潰瘍或蜂窩組織炎除外，有合併症或併發症
DRG26603	其他皮膚移植或擴創術，皮膚潰瘍或蜂窩組織炎除外，無合併症或併發症
DRG26701	肛門周圍及潛毛性手術 ，有合併症或併發症
DRG26702	肛門周圍及潛毛性手術 ，無合併症或併發症
DRG26801	皮膚、皮下組織及乳房整形手術，有合併症或併發症
DRG26802	皮膚、皮下組織及乳房整形手術，無合併症或併發症
DRG269	其他皮膚、皮下組織及乳房手術，有合併症或併發症
DRG270	其他皮膚、皮下組織及乳房手術，無合併症或併發症
DRG27101	皮膚潰瘍，有合併症或併發症
DRG27102	皮膚潰瘍，無合併症或併發症
DRG27204	重大皮膚疾患(4)，有合併症或併發症
DRG27304	重大皮膚疾患(4)，無合併症或併發症
DRG27205	重大皮膚疾患(5)，有合併症或併發症
DRG27305	重大皮膚疾患(5)，無合併症或併發症
DRG27206	重大皮膚疾患(6)，有合併症或併發症
DRG27306	重大皮膚疾患(6)，無合併症或併發症
DRG27201	重大皮膚疾患(1)，有合併症或併發症
DRG27301	重大皮膚疾患(1)，無合併症或併發症
DRG27202	重大皮膚疾患(2)，有合併症或併發症
DRG27302	重大皮膚疾患(2)，無合併症或併發症
DRG274	乳房原位癌，有合併症或併發症
DRG275	乳房原位癌，無合併症或併發症
DRG27601	非惡性乳房疾患，有合併症或併發症
DRG27602	非惡性乳房疾患，無合併症或併發症
DRG277	蜂窩組織炎，年齡大於等於18歲，有合併症或併發症
DRG278	蜂窩組織炎，年齡大於等於18歲，無合併症或併發症
DRG27901	蜂窩組織炎，年齡0-17歲，有合併症或併發症
DRG27902	蜂窩組織炎，年齡0-17歲，無合併症或併發症
DRG280	皮膚、皮下組織及乳房創傷，年齡大於等於18歲，有合併症或併發症
DRG281	皮膚、皮下組織及乳房創傷，年齡大於等於18歲，無合併症或併發症
DRG282	皮膚、皮下組織及乳房創傷，年齡0-17歲
DRG28301	輕度皮膚疾患(1)，有合併症或併發症
DRG28401	輕度皮膚疾患(1)，無合併症或併發症
DRG28302	輕度皮膚疾患(2)，有合併症或併發症
DRG28402	輕度皮膚疾患(2)，無合併症或併發症
DRG28503	糖尿病之下肢截斷術，有多重複雜次診斷
DRG28501	其他內分泌、營養及新陳代謝疾患之下肢截斷術，有合併症或併發症
DRG28502	其他內分泌、營養及新陳代謝疾患之下肢截斷術，無合併症或併發症
DRG28603	腦下腺及顱咽管之良性腫瘤手術，有合併症或併發症
DRG28604	腦下腺及顱咽管之良性腫瘤手術，無合併症或併發症
DRG28601	其他腎上腺及腦下垂體手術，有合併症或併發症
DRG28602	其他腎上腺及腦下垂體手術，無合併症或併發症
DRG28701	內分泌、營養及新陳代謝疾患之清創手術，有合併症或併發症
DRG28702	內分泌、營養及新陳代謝疾患之清創手術，無合併症或併發症
DRG28703	內分泌、營養及新陳代謝疾患之植皮重建手術，有合併症或併發症
DRG28704	內分泌、營養及新陳代謝疾患之植皮重建手術，無合併症或併發症
DRG28705	內分泌、營養及新陳代謝疾患之局部皮瓣重建手術，有合併症或併發症
DRG28706	內分泌、營養及新陳代謝疾患之局部皮瓣重建手術，無合併症或併發症
DRG28707	內分泌、營養及新陳代謝疾患之顯微局部皮瓣重建手術，有合併症或併發症
DRG28708	內分泌、營養及新陳代謝疾患之顯微局部皮瓣重建手術，無合併症或併發症
DRG28801	肥胖手術，有合併症或併發症
DRG28802	肥胖手術，無合併症或併發症
DRG28901	副甲狀腺手術，有合併症或併發症
DRG28902	副甲狀腺手術，無合併症或併發症
DRG290	甲狀腺手術
DRG29101	甲狀舌管手術，有合併症或併發症
DRG29102	甲狀舌管手術，無合併症或併發症
DRG29201	糖尿病手術，有多重複雜次診斷
DRG29202	其他內分泌、營養及新陳代謝立體定位之放射手術，有合併症或併發症
DRG29302	其他內分泌、營養及新陳代謝立體定位之放射手術，無合併症或併發症
DRG29203	其他內分泌、營養及新陳代謝手術，有合併症或併發症
DRG29303	其他內分泌、營養及新陳代謝手術，無合併症或併發症
DRG29403	糖尿病，有多重複雜次診斷，年齡大於等於36歲
DRG29401	糖尿病，無多重複雜次診斷，年齡大於等於36歲，有合併症或併發症
DRG29402	糖尿病，無多重複雜次診斷，年齡大於等於36歲，無合併症或併發症
DRG29501	糖尿病，年齡7-35歲，有合併症或併發症
DRG29503	糖尿病，年齡0-6歲，有合併症或併發症
DRG29502	糖尿病，年齡7-35歲，無合併症或併發症
DRG29504	糖尿病，年齡0-6歲，無合併症或併發症
DRG29601	營養及各種新陳代謝疾患(1)，年齡大於等於18歲，有合併症或併發症
DRG29701	營養及各種新陳代謝疾患(1)，年齡大於等於18歲，無合併症或併發症
DRG29801	營養及各種新陳代謝疾患(1)，年齡1-17歲，有合併症或併發症
DRG29802	營養及各種新陳代謝疾患(1)，年齡小於1歲，有合併症或併發症
DRG29805	營養及各種新陳代謝疾患(1)，年齡1-17歲，無合併症或併發症
DRG29806	營養及各種新陳代謝疾患(1)，年齡小於1歲，無合併症或併發症
DRG29603	營養及各種新陳代謝疾患(2)，有多重複雜次診斷，年齡大於等於18歲
DRG29602	營養及各種新陳代謝疾患(2)，無多重複雜次診斷，年齡大於等於18歲，有合併症或併發症
DRG29702	營養及各種新陳代謝疾患(2)，無多重複雜次診斷，年齡大於等於18歲，無合併症或併發症
DRG29803	營養及各種新陳代謝疾患(2)，年齡0-17歲，有合併症或併發症
DRG29804	營養及各種新陳代謝疾患(2)，年齡0-17歲，無合併症或併發症
DRG29901	先天性新陳代謝異常(1)，年齡大於等於18歲，有合併症或併發症
DRG29905	先天性新陳代謝異常(1)，年齡1-17歲，有合併症或併發症
DRG29906	先天性新陳代謝異常(1)，年齡小於1歲，有合併症或併發症
DRG29902	先天性新陳代謝異常(1)，年齡大於等於18歲，無合併症或併發症
DRG29907	先天性新陳代謝異常(1)，年齡1-17歲，無合併症或併發症
DRG29908	先天性新陳代謝異常(1)，年齡小於1歲，無合併症或併發症
DRG29903	先天性新陳代謝異常(2)，有合併症或併發症
DRG29904	先天性新陳代謝異常(2)，無合併症或併發症
DRG30001	內分泌系統良性腫瘤，有合併症或併發症
DRG30101	內分泌系統良性腫瘤，無合併症或併發症
DRG30002	內分泌疾患，有合併症或併發症
DRG30102	內分泌疾患，無合併症或併發症
DRG30201	腎移植，有合併症或併發症
DRG30202	腎移植，無合併症或併發症
DRG30301	腎、輸尿管及膀胱良性腫瘤手術，有合併症或併發症
DRG30302	腎、輸尿管及膀胱良性腫瘤手術，無合併症或併發症
DRG30303	腎、輸尿管及膀胱原位癌手術，有合併症或併發症 
DRG30304	腎、輸尿管及膀胱原位癌手術，無合併症或併發症 
DRG304	腎、輸尿管及膀胱非惡性腫瘤手術，有合併症或併發症
DRG305	腎、輸尿管及膀胱非惡性腫瘤手術，無合併症或併發症
DRG306	攝護腺切除術，有合併症或併發症
DRG307	攝護腺切除術，無合併症或併發症
DRG308	膀胱小手術，有合併症或併發症
DRG309	膀胱小手術，無合併症或併發症
DRG31001	雙側或多發性尿路結石手術，有複雜次診斷
DRG31002	雙側或多發性尿路結石手術，無複雜次診斷，有合併症或併發症
DRG31102	雙側或多發性尿路結石手術，無複雜次診斷，無合併症或併發症
DRG31003	鹿角性結石或巨大腎結石手術，有複雜次診斷
DRG31004	鹿角性結石或巨大腎結石手術，無複雜次診斷，有合併症或併發症
DRG31104	鹿角性結石或巨大腎結石手術，無複雜次診斷，無合併症或併發症
DRG31005	其他尿路結石手術，有合併症或併發症
DRG31105	其他尿路結石手術，無合併症或併發症
DRG31006	其他經由尿道之手術，有體外震波碎石術，有合併症或併發症
DRG31106	其他經由尿道之手術，有體外震波碎石術，無合併症或併發症
DRG31007	其他經由尿道之手術，無體外震波碎石術，有合併症或併發症
DRG31107	其他經由尿道之手術，無體外震波碎石術，無合併症或併發症
DRG31201	尿道下裂、上裂手術，年齡大於等於18歲，有合併症或併發症
DRG31301	尿道下裂、上裂手術，年齡大於等於18歲，無合併症或併發症
DRG31401	尿道下裂、上裂手術，年齡0-17歲
DRG31202	其他尿道手術，年齡大於等於18歲，有合併症或併發症
DRG31302	其他尿道手術，年齡大於等於18歲，無合併症或併發症
DRG31402	其他尿道手術，年齡0-17歲
DRG31501	其他腎及尿道手術，有合併症或併發症
DRG31502	其他腎及尿道手術，無合併症或併發症
DRG31605	腎衰竭，洗腎及洗腎導管置入術，年齡>=18歲，有合併症或併發症
DRG31606	腎衰竭，洗腎及洗腎導管置入術，年齡>=18歲，無合併症或併發症
DRG31607	腎衰竭，洗腎及洗腎導管置入術，年齡0-17歲
DRG31601	腎衰竭，洗腎，無洗腎導管置入術，年齡>=18歲，有合併症或併發症
DRG31602	腎衰竭，洗腎，無洗腎導管置入術，年齡>=18歲，無合併症或併發症
DRG31608	腎衰竭，洗腎，無洗腎導管置入術，年齡0-17歲
DRG31603	腎衰竭，無洗腎，有合併症或併發症
DRG31604	腎衰竭，無洗腎，無合併症或併發症
DRG317	住診血液透析
DRG318	腎及泌尿道腫瘤，有合併症或併發症
DRG319	腎及泌尿道腫瘤，無合併症或併發症
DRG320	腎及泌尿道感染，年齡大於等於18歲，有合併症或併發症
DRG321	腎及泌尿道感染，年齡大於等於18歲，無合併症或併發症
DRG32203	腎及泌尿道感染(1)，年齡0-17歲，有合併症或併發症
DRG32204	腎及泌尿道感染(1)，年齡0-17歲，無合併症或併發症
DRG32201	腎及泌尿道感染(2)，年齡0-17歲，有合併症或併發症
DRG32202	腎及泌尿道感染(2)，年齡0-17歲，無合併症或併發症
DRG32301	尿道結石，有體外震波碎石術治療(1)，有合併症或併發症
DRG32401	尿道結石，有體外震波碎石術治療(1)，無合併症或併發症
DRG32302	尿道結石，無體外震波碎石術治療(2)，有合併症或併發症
DRG32402	尿道結石，無體外震波碎石術治療(2)，無合併症或併發症
DRG325	腎及泌尿道症狀及徵候，年齡大於等於18歲，有合併症或併發症
DRG326	腎及泌尿道症狀及徵候，年齡大於等於18歲，無合併症或併發症
DRG32701	腎及泌尿道症狀及徵候，年齡0-17歲，有合併症或併發症
DRG32702	腎及泌尿道症狀及徵候，年齡0-17歲，無合併症或併發症
DRG328	尿道狹窄，年齡大於等於18歲，有合併症或併發症
DRG329	尿道狹窄，年齡大於等於18歲，無合併症或併發症
DRG33001	尿道狹窄，年齡0-17歲，有合併症或併發症
DRG33002	尿道狹窄，年齡0-17歲，無合併症或併發症
DRG33101	急性腎絲球腎炎，年齡大於等於18歲，有合併症或併發症
DRG33201	急性腎絲球腎炎，年齡大於等於18歲，無合併症或併發症
DRG33301	急性腎絲球腎炎，年齡0-17歲，有合併症或併發症
DRG33302	急性腎絲球腎炎，年齡0-17歲，無合併症或併發症
DRG33102	腎病徵候群，年齡大於等於18歲，有合併症或併發症
DRG33202	腎病徵候群，年齡大於等於18歲，無合併症或併發症
DRG33303	腎病徵候群，年齡0-17歲，有合併症或併發症
DRG33304	腎病徵候群，年齡0-17歲，無合併症或併發症
DRG33103	慢性腎絲球腎炎，年齡大於等於18歲，有合併症或併發症
DRG33203	慢性腎絲球腎炎，年齡大於等於18歲，無合併症或併發症
DRG33305	慢性腎絲球腎炎，年齡0-17歲，有合併症或併發症
DRG33306	慢性腎絲球腎炎，年齡0-17歲，無合併症或併發症
DRG33104	其他腎炎及腎病變，年齡大於等於18歲，有合併症或併發症
DRG33204	其他腎炎及腎病變，年齡大於等於18歲，無合併症或併發症
DRG33307	其他腎炎及腎病變，年齡0-17歲，有合併症或併發症
DRG33308	其他腎炎及腎病變，年齡0-17歲，無合併症或併發症
DRG33105	先天性腎疾患，年齡大於等於18歲，有合併症或併發症
DRG33205	先天性腎疾患，年齡大於等於18歲，無合併症或併發症
DRG33309	先天性腎疾患，年齡0-17歲，有合併症或併發症
DRG33310	先天性腎疾患，年齡0-17歲，無合併症或併發症
DRG33106	捐腎，年齡大於等於18歲，有合併症或併發症
DRG33206	捐腎，年齡大於等於18歲，無合併症或併發症
DRG33311	捐腎，年齡0-17歲，有合併症或併發症
DRG33312	捐腎，年齡0-17歲，無合併症或併發症
DRG33107	其他腎及泌尿道診斷，年齡大於等於18歲，有合併症或併發症
DRG33207	其他腎及泌尿道診斷，年齡大於等於18歲，無合併症或併發症
DRG33313	其他腎及泌尿道診斷，年齡0-17歲，有合併症或併發症
DRG33314	其他腎及泌尿道診斷，年齡0-17歲，無合併症或併發症
DRG334	男性骨盆手術，有合併症或併發症
DRG335	男性骨盆手術，無合併症或併發症
DRG33601	經尿道攝護腺切除術，有疝氣手術，有內視鏡取石術，有合併症或併發症
DRG33701	經尿道攝護腺切除術，有疝氣手術，有內視鏡取石術，無合併症或併發症
DRG33602	經尿道攝護腺切除術，有疝氣手術，無內視鏡取石術，有合併症或併發症
DRG33702	經尿道攝護腺切除術，有疝氣手術，無內視鏡取石術，無合併症或併發症
DRG33603	經尿道攝護腺切除術，無疝氣手術，有內視鏡取石術，有合併症或併發症
DRG33703	經尿道攝護腺切除術，無疝氣手術，有內視鏡取石術，無合併症或併發症
DRG33604	經尿道攝護腺切除術，無疝氣手術，無內視鏡取石術，有合併症或併發症
DRG33704	經尿道攝護腺切除術，無疝氣手術，無內視鏡取石術，無合併症或併發症
DRG338	睪丸原位癌手術
DRG33901	睪丸非惡性腫瘤手術，年齡大於等於18歲，有合併症或併發症
DRG33902	睪丸非惡性腫瘤手術，年齡大於等於18歲，無合併症或併發症
DRG34001	睪丸非惡性腫瘤手術，年齡0-17歲，有合併症或併發症
DRG34002	睪丸非惡性腫瘤手術，年齡0-17歲，無合併症或併發症
DRG34101	陰莖手術，年齡大於等於2歲，有合併症或併發症
DRG34102	陰莖手術，年齡大於等於2歲，無合併症或併發症
DRG34103	陰莖手術，年齡0-1歲，有合併症或併發症
DRG34104	陰莖手術，年齡0-1歲，無合併症或併發症
DRG34201	包皮環割術，年齡大於等於18歲，有合併症或併發症
DRG34202	包皮環割術，年齡大於等於18歲，無合併症或併發症
DRG34301	包皮環割術，年齡為0-17歲，有合併症或併發症
DRG34302	包皮環割術，年齡為0-17歲，無合併症或併發症
DRG344	男性生殖系統原位癌之手術
DRG34501	其他男性生殖系統手術，惡性腫瘤除外，有合併症或併發症
DRG34502	其他男性生殖系統手術，惡性腫瘤除外，無合併症或併發症
DRG346	男性生殖系統原位癌，有合併症或併發症
DRG347	男性生殖系統原位癌，無合併症或併發症
DRG348	良性攝護腺肥大，有合併症或併發症
DRG349	良性攝護腺肥大，無合併症或併發症
DRG35001	男性生殖系統炎症，有合併症或併發症
DRG35002	男性生殖系統炎症，無合併症或併發症
DRG35201	其他男性生殖系統之診斷(1)
DRG35202	其他男性生殖系統之診斷(2)，有合併症或併發症
DRG35203	其他男性生殖系統之診斷(2)，無合併症或併發症
DRG35204	其他男性生殖系統之診斷(3)，有合併症或併發症
DRG35205	其他男性生殖系統之診斷(3)，無合併症或併發症
DRG35301	骨盆腔臟器摘除術，根除性子宮切除術及女陰切除術，有合併症或併發症
DRG35302	骨盆腔臟器摘除術，根除性子宮切除術及女陰切除術，無合併症或併發症
DRG35603	女性生殖系統多重整形術，有尿失禁手術，有合併症或併發症
DRG35604	女性生殖系統整形術，有尿失禁手術，無合併症或併發症
DRG35605	女性生殖系統多重整形術，無尿失禁手術，有合併症或併發症
DRG35606	女性生殖系統整形術，無尿失禁手術，無合併症或併發症
DRG35607	其他女性生殖系統多重整形術，有合併症或併發症
DRG35608	其他女性生殖系統多重整形術，無合併症或併發症
DRG35601	其他女性生殖系統單純整形術，有合併症或併發症
DRG35602	其他女性生殖系統單純整形術，無合併症或併發症
DRG35801	腹腔鏡子宮切除術，併尿失禁手術，有合併症或併發症
DRG35901	腹腔鏡子宮切除術，併尿失禁手術，無合併症或併發症
DRG35802	腹腔鏡子宮切除術，無尿失禁手術，有合併症或併發症
DRG35902	腹腔鏡子宮切除術，無尿失禁手術，無合併症或併發症
DRG35803	傳統子宮切除術，併尿失禁手術，有合併症或併發症
DRG35903	傳統子宮切除術，併尿失禁手術，無合併症或併發症
DRG35804	傳統子宮切除術，無尿失禁手術，有合併症或併發症
DRG35904	傳統子宮切除術，無尿失禁手術，無合併症或併發症
DRG35805	其他雙側腹腔鏡子宮及其附屬器官手術，有合併症或併發症
DRG35905	其他雙側腹腔鏡子宮及其附屬器官手術，無合併症或併發症
DRG35807	其他單側腹腔鏡子宮及其附屬器官手術，有合併症或併發症
DRG35907	其他單側腹腔鏡子宮及其附屬器官手術，無合併症或併發症
DRG35806	其他雙側傳統子宮及其附屬器官手術，有合併症或併發症
DRG35906	其他雙側傳統子宮及其附屬器官手術，無合併症或併發症
DRG35808	其他單側傳統子宮及其附屬器官手術，有合併症或併發症
DRG35908	其他單側傳統子宮及其附屬器官手術，無合併症或併發症
DRG36001	陰道、子宮頸及陰唇手術，有合併症或併發症
DRG36002	陰道、子宮頸及陰唇手術，無合併症或併發症
DRG36101	腹腔鏡及輸卵管阻塞切開術，有合併症或併發症
DRG36102	腹腔鏡及輸卵管阻塞切開術，無合併症或併發症
DRG363	原位癌之子宮擴刮術、錐狀切除術及放射線植入術
DRG364	子宮擴刮術及椎切術，惡性腫瘤除外
DRG36501	其他女性生殖系統手術，有合併症或併發症
DRG36502	其他女性生殖系統手術，無合併症或併發症
DRG36604	女性生殖系統原位癌，有合併症或併發症
DRG36704	女性生殖系統原位癌，無合併症或併發症
DRG36801	女性生殖系統感染，有合併症或併發症
DRG36802	女性生殖系統感染，無合併症或併發症
DRG36901	月經及其他女性生殖系統疾患，有合併症或併發症
DRG36902	月經及其他女性生殖系統疾患，無合併症或併發症
DRG370	剖腹生產，有合併症或併發症
DRG371	剖腹生產，無合併症或併發症
DRG372	陰道分娩，伴有複雜診斷
DRG37303	多胞胎妊娠陰道分娩，無複雜診斷，有合併症或併發症
DRG37304	多胞胎妊娠陰道分娩，無複雜診斷，無合併症或併發症
DRG37305	雙胞胎妊娠陰道分娩，無複雜診斷，有合併症或併發症
DRG37306	雙胞胎妊娠陰道分娩，無複雜診斷，無合併症或併發症
DRG37301	單胎妊娠陰道分娩，無複雜診斷，有合併症或併發症
DRG37302	單胎妊娠陰道分娩，無複雜診斷，無合併症或併發症
DRG37401	陰道分娩，有子宮擴刮術，有合併症或併發症
DRG37402	陰道分娩，有子宮擴刮術，無合併症或併發症
DRG37501	手術性陰道分娩，子宮擴刮術除外，有合併症或併發症
DRG37502	手術性陰道分娩，子宮擴刮術除外，無合併症或併發症
DRG37601	無手術之產後及流產後診斷(1)
DRG37602	無手術之產後及流產後診斷(2)，有合併症或併發症
DRG37603	無手術之產後及流產後診斷(2)，無合併症或併發症
DRG37604	無手術之產後及流產後診斷(3)，有合併症或併發症
DRG37605	無手術之產後及流產後診斷(3)，無合併症或併發症
DRG37701	伴有手術之產後及流產後診斷(1)
DRG37702	伴有手術之產後及流產後診斷(2)，有合併症或併發症
DRG37703	伴有手術之產後及流產後診斷(2)，無合併症或併發症
DRG37704	伴有手術之產後及流產後診斷(3)，有合併症或併發症
DRG37705	伴有手術之產後及流產後診斷(3)，無合併症或併發症
DRG37801	腹腔鏡子宮外孕手術
DRG37802	子宮外孕手術
DRG37803	子宮外孕，有合併症或併發症
DRG37804	子宮外孕，無合併症或併發症
DRG37901	迫切流產(1)
DRG37902	迫切流產(2)，有合併症或併發症
DRG37903	迫切流產(2)，無合併症或併發症
DRG37904	迫切流產(3)，有合併症或併發症
DRG37905	迫切流產(3)，無合併症或併發症
DRG38001	無子宮擴刮術之流產，有合併症或併發症
DRG38002	無子宮擴刮術之流產，無合併症或併發症
DRG38101	伴有子宮擴刮術之流產或子宮切開術，有合併症或併發症
DRG38102	伴有子宮擴刮術之流產或子宮切開術，無合併症或併發症
DRG38201	假產，有合併症或併發症
DRG38202	假產，無合併症或併發症
DRG38301	伴有內科併發症之其他產前診斷，有合併症或併發症
DRG38302	伴有內科併發症之其他產前診斷，無合併症或併發症
DRG38401	無內科併發症之其他產前診斷，有合併症或併發症 
DRG38402	無內科併發症之其他產前診斷，無合併症或併發症
DRG513	自行要求剖腹生產
DRGN0101	新生兒出生>=28天，主或次診斷有MAJOR PROBLEM或有使用呼吸器或有手術
DRGN0102	新生兒出生>=28天，主或次診斷有MINOR PROBLEM
DRGN0103	新生兒出生>=28天，其他
DRGN03	出生<=27天，出生體重<1000公克，且出院時存活
DRGN05	出生<=27天，出生體重介於1000-1499公克，主或次診斷有MAJOR PROBLEM或有使用呼吸器或特定處置
DRGN06	出生<=27天，出生體重介於1000-1499公克
DRGN07	出生<=27天，出生體重介於1500-1999公克，主或次診斷有多重MAJOR PROBLEM或有使用呼吸器或特定處置
DRGN08	出生<=27天，出生體重介於1500-1999公克，主或次診斷有MAJOR PROBLEM
DRGN09	出生<=27天，出生體重介於1500-1999公克，主或次診斷有MINOR PROBLEM
DRGN10	出生<=27天，出生體重介於1500-1999公克
DRGN11	出生<=27天，出生體重介於2000-2499公克，主或次診斷有多重MAJOR PROBLEM或有使用呼吸器或特定處置
DRGN12	出生<=27天，出生體重介於2000-2499公克，主或次診斷有MAJOR PROBLEM
DRGN13	出生<=27天，出生體重介於2000-2499公克，主或次診斷有或無MINOR PROBLEM
DRGN14	出生<=27天，出生體重>2499公克，主或次診斷有多重MAJOR PROBLEM，有手術
DRGN1501	出生<=27天，出生體重>2499公克，主或次診斷有MAJOR PROBLEM，有手術
DRGN1502	出生<=27天，出生體重>2499公克，主或次診斷有或無MINOR PROBLEM，有手術
DRGN16	出生<=27天，出生體重>2499公克，主或次診斷有多重MAJOR PROBLEM或有使用呼吸器或特定處置
DRGN17	出生<=27天，出生體重>2499公克，主或次診斷有MAJOR PROBLEM
DRGN18	出生<=27天，出生體重>2499公克，主或次診斷有MINOR PROBLEM
DRGN19	出生<=27天，出生體重>2499公克
DRG39201	脾臟切除術，年齡大於等於18歲，有合併症或併發症
DRG39202	脾臟切除術，年齡大於等於18歲，無合併症或併發症
DRG39301	脾臟切除術，年齡0~17歲，有合併症或併發症
DRG39302	脾臟切除術，年齡0~17歲，無合併症或併發症
DRG39401	血液及造血器官之其他手術，有合併症或併發症
DRG39402	血液及造血器官之其他手術，無合併症或併發症
DRG39501	再生不良性貧血，年齡大於等於18歲，有合併症或併發症
DRG39504	再生不良性貧血，年齡大於等於18歲，無合併症或併發症
DRG39601	再生不良性貧血，年齡0-17歲，有合併症或併發症
DRG39604	再生不良性貧血，年齡0-17歲，無合併症或併發症
DRG39505	其他貧血，年齡大於等於18歲，有合併症或併發症
DRG39506	其他貧血，年齡大於等於18歲，無合併症或併發症
DRG39605	其他貧血，年齡0-17歲，有合併症或併發症
DRG39606	其他貧血，年齡0-17歲，無合併症或併發症
DRG39507	缺鐵性貧血，年齡大於等於18歲，有合併症或併發症
DRG39508	缺鐵性貧血，年齡大於等於18歲，無合併症或併發症
DRG39607	缺鐵性貧血，年齡0-17歲，有合併症或併發症
DRG39608	缺鐵性貧血，年齡0-17歲，無合併症或併發症
DRG39509	地中海型貧血，年齡大於等於18歲，有合併症或併發症
DRG39510	地中海型貧血，年齡大於等於18歲，無合併症或併發症
DRG39609	地中海型貧血，年齡0-17歲，有合併症或併發症
DRG39610	地中海型貧血，年齡0-17歲，無合併症或併發症
DRG39502	其他紅血球疾患，有胃鏡或腸鏡，年齡大於等於18歲，有合併症或併發症
DRG39503	其他紅血球疾患，有胃鏡或腸鏡，年齡大於等於18歲，無合併症或併發症
DRG39602	其他紅血球疾患，有胃鏡或腸鏡，年齡0-17歲，有合併症或併發症
DRG39603	其他紅血球疾患，有胃鏡或腸鏡，年齡0-17歲，無合併症或併發症
DRG39511	其他紅血球疾患，無胃鏡或腸鏡，年齡大於等於18歲，有合併症或併發症
DRG39512	其他紅血球疾患，無胃鏡或腸鏡，年齡大於等於18歲，無合併症或併發症
DRG39611	其他紅血球疾患，無胃鏡或腸鏡，年齡0-17歲，有合併症或併發症
DRG39612	其他紅血球疾患，無胃鏡或腸鏡，年齡0-17歲，無合併症或併發症
DRG39701	VON WILLEBRAND'S DISEASE，有合併症或併發症
DRG39702	VON WILLEBRAND'S DISEASE，無合併症或併發症
DRG39703	去纖維蛋白徵候群，有合併症或併發症
DRG39704	去纖維蛋白徵候群，無合併症或併發症
DRG39707	其他特定血液凝固缺陷，有合併症或併發症
DRG39708	其他特定血液凝固缺陷，無合併症或併發症
DRG39709	原發性血小板缺乏症，有合併症或併發症
DRG39710	原發性血小板缺乏症，無合併症或併發症
DRG39711	循環中抗凝血物質所致之出血性疾患，有合併症或併發症
DRG39712	循環中抗凝血物質所致之出血性疾患，無合併症或併發症
DRG39705	其他血液凝固缺陷，有合併症或併發症
DRG39706	其他血液凝固缺陷，無合併症或併發症
DRG39805	顆粒性白血球缺乏症，有合併症或併發症
DRG39905	顆粒性白血球缺乏症，無合併症或併發症
DRG39806	其他白血球疾病，有合併症或併發症
DRG39906	其他白血球疾病，無合併症或併發症
DRG39814	組織球症，有合併症或併發症
DRG39914	組織球症，無合併症或併發症
DRG39802	網狀內皮及免疫性疾患(1)，有合併症或併發症
DRG39902	網狀內皮及免疫性疾患(1)，無合併症或併發症
DRG39807	淋巴結腫大，年齡大於等於18歲，有合併症或併發症
DRG39808	淋巴結腫大，年齡7-17歲，有合併症或併發症
DRG39809	淋巴結腫大，年齡0-6歲，有合併症或併發症
DRG39907	淋巴結腫大，年齡大於等於18歲，無合併症或併發症
DRG39908	淋巴結腫大，年齡7-17歲，無合併症或併發症
DRG39909	淋巴結腫大，年齡0-6歲，無合併症或併發症
DRG39803	網狀內皮及免疫性疾患(2)，年齡大於等於18歲，有合併症或併發症
DRG39810	網狀內皮及免疫性疾患(2)，年齡7-17歲，有合併症或併發症
DRG39811	網狀內皮及免疫性疾患(2)，年齡0-6歲，有合併症或併發症
DRG39903	網狀內皮及免疫性疾患(2)，年齡大於等於18歲，無合併症或併發症
DRG39910	網狀內皮及免疫性疾患(2)，年齡7-17歲，無合併症或併發症
DRG39911	網狀內皮及免疫性疾患(2)，年齡0-6歲，無合併症或併發症
DRG39812	淋巴結核疾患，有合併症或併發症
DRG39912	淋巴結核疾患，，無合併症或併發症
DRG39813	免疫機轉之疾患，有合併症或併發症
DRG39913	免疫機轉之疾患，無合併症或併發症
DRG39804	網狀內皮及免疫性疾患(3)，有合併症或併發症
DRG39904	網狀內皮及免疫性疾患(3)，無合併症或併發症
DRG39815	抗磷脂症候群，有合併症或併發症
DRG39915	抗磷脂症候群，無合併症或併發症
DRG24007	結締組織疾患(4)，有合併症或併發症
DRG24107	結締組織疾患(4)，無合併症或併發症
DRG40001	血漿蛋白代謝疾患之手術，有合併症或併發症
DRG40002	血漿蛋白代謝疾患之手術，無合併症或併發症
DRG401	血漿蛋白代謝疾患之立體定位放射性外科手術，有合併症或併發症
DRG402	血漿蛋白代謝疾患之立體定位放射性外科手術，無合併症或併發症
DRG40301	血漿蛋白代謝疾患，有合併症或併發症
DRG40401	血漿蛋白代謝疾患，無合併症或併發症
DRG40601	肺挫構瘤手術，有合併症或併發症
DRG40701	肺挫構瘤手術，無合併症或併發症
DRG40602	其他骨髓增生性疾病或分化不明腫瘤重大手術，有合併症或併發症
DRG40702	其他骨髓增生性疾病或分化不明腫瘤重大手術，無合併症或併發症
DRG40801	骨髓增生性疾病或分化不明腫瘤之其他手術，有合併症或併發症
DRG40802	骨髓增生性疾病或分化不明腫瘤之其他手術，無合併症或併發症
DRG41101	未做內視鏡檢查之惡性腫瘤病史，有合併症或併發症
DRG41102	未做內視鏡檢查之惡性腫瘤病史，無合併症或併發症
DRG412	伴有內視鏡檢查之惡性腫瘤病史
DRG413	其他骨髓增生性疾病或分化不明腫瘤之診斷，有合併症或併發症
DRG414	其他骨髓增生性疾病或分化不明腫瘤診斷，無合併症或併發症
DRG41501	傳染疾病寄生蟲病之手術，有合併症或併發症
DRG41502	傳染疾病寄生蟲病之手術，無合併症或併發症
DRG41603	敗血症併多重器官衰竭，年齡大於等於18歲
DRG41703	敗血症併多重器官衰竭，年齡0-17歲
DRG41601	敗血症，無多重器官衰竭，年齡大於等於18歲，有合併症或併發症
DRG41602	敗血症，無多重器官衰竭，年齡大於等於18歲，無合併症或併發症
DRG41701	敗血症，無多重器官衰竭，年齡0-17歲，有合併症或併發症
DRG41702	敗血症，無多重器官衰竭，年齡0-17歲，無合併症或併發症
DRG41803	手術後感染，有合併症或併發症
DRG41804	手術後感染，無合併症或併發症
DRG419	不明熱，年齡大於等於18歲，有合併症或併發症
DRG420	不明熱，年齡大於等於18歲，無合併症或併發症
DRG42101	病毒性病症，年齡大於等於18歲，有合併症或併發症
DRG42102	病毒性病症，年齡大於等於18歲，無合併症或併發症
DRG42201	病毒性病症及不明熱，年齡0~17歲，有合併症或併發症
DRG42202	病毒性病症及不明熱，年齡0~17歲，無合併症或併發症
DRG42301	其他傳染疾病寄生蟲病之診斷(1)，有合併症或併發症
DRG42302	其他傳染疾病寄生蟲病之診斷(1)，無合併症或併發症
DRG42305	細菌感染併多重器官衰竭
DRG42303	細菌感染，無多重器官衰竭，有合併症或併發症
DRG42306	細菌感染，無多重器官衰竭，無合併症或併發症
DRG42307	其他傳染疾病寄生蟲病併多重器官衰竭
DRG42304	其他傳染疾病寄生蟲病，無多重器官衰竭，有合併症或併發症
DRG42308	其他傳染疾病寄生蟲病，無多重器官衰竭，無合併症或併發症
DRG43901	損傷之皮膚移植，有合併症或併發症
DRG43902	損傷之皮膚移植，無合併症或併發症
DRG44001	損傷之擴創術，有合併症或併發症
DRG44002	損傷之擴創術，無合併症或併發症
DRG44101	手損傷，軟組織手術，有合併症或併發症
DRG44102	手損傷，軟組織手術，無合併症或併發症
DRG44103	手損傷，骨骼相關手術，有合併症或併發症
DRG44104	手損傷，骨骼相關手術，無合併症或併發症
DRG44105	手損傷，顯微手術，有合併症或併發症
DRG44106	手損傷，顯微手術，無合併症或併發症
DRG442	其他損傷手術，有合併症或併發症
DRG443	其他損傷手術，無合併症或併發症
DRG444	創傷，年齡大於等於18歲，有合併症或併發症
DRG445	創傷，年齡大於等於18歲，無合併症或併發症
DRG44601	多發性創傷，年齡0-17歲，有合併症或併發症
DRG44602	多發性創傷，年齡0-17歲，無合併症或併發症
DRG44701	過敏性反應，年齡大於等於18歲，有合併症或併發症
DRG44702	過敏性反應，年齡大於等於18歲，無合併症或併發症
DRG44801	過敏性反應，年齡0-17歲，有合併症或併發症
DRG44802	過敏性反應，年齡0-17歲，無合併症或併發症
DRG44901	藥品毒性作用(1)，年齡大於等於18歲，有合併症或併發症
DRG45001	藥品毒性作用(1)，年齡大於等於18歲，無合併症或併發症
DRG45101	藥品毒性作用(1)，年齡0-17歲，有合併症或併發症
DRG45102	藥品毒性作用(1)，年齡0-17歲，無合併症或併發症
DRG44902	藥品毒性作用(2)，年齡大於等於18歲，有合併症或併發症
DRG45002	藥品毒性作用(2)，年齡大於等於18歲，無合併症或併發症
DRG45103	藥品毒性作用(2)，年齡0-17歲，有合併症或併發症
DRG45104	藥品毒性作用(2)，年齡0-17歲，無合併症或併發症
DRG452	治療性併發症，有合併症或併發症
DRG453	治療性併發症，無合併症或併發症
DRG454	其他損傷、中毒及毒性作用診斷，有合併症或併發症
DRG455	其他損傷、中毒及毒性作用診斷，無合併症或併發症
DRG41801	創傷後感染，有合併症或併發症
DRG41802	創傷後感染，無合併症或併發症
DRG50401	三度廣泛性燒傷伴有皮膚移植(1)，有合併症或併發症
DRG50402	三度廣泛性燒傷伴有皮膚移植(1)，無合併症或併發症
DRG50403	三度廣泛性燒傷伴有皮膚移植(2)，有合併症或併發症
DRG50404	三度廣泛性燒傷伴有皮膚移植(2)，無合併症或併發症
DRG50405	三度廣泛性燒傷伴有皮膚移植(3)
DRG50501	三度廣泛性燒傷無皮膚移植(1)，有合併症或併發症
DRG50502	三度廣泛性燒傷無皮膚移植(1)，無合併症或併發症
DRG50503	三度廣泛性燒傷無皮膚移植(2)，有合併症或併發症
DRG50504	三度廣泛性燒傷無皮膚移植(2)，無合併症或併發症
DRG50505	三度廣泛性燒傷無皮膚移植(3)
DRG50601	全層皮膚燒傷伴有皮膚移植或吸入性傷害(1)，有合併症或併發症，年齡小於5歲或大於等於65歲
DRG50602	全層皮膚燒傷伴有皮膚移植或吸入性傷害(1)，有合併症或併發症，年齡5-64歲
DRG50603	全層皮膚燒傷伴有皮膚移植或吸入性傷害(2)，有合併症或併發症，年齡小於5歲或大於等於65歲
DRG50604	全層皮膚燒傷伴有皮膚移植或吸入性傷害(2)，有合併症或併發症，年齡5-64歲
DRG50605	全層皮膚燒傷伴有皮膚移植或吸入性傷害(3)，有合併症或併發症，年齡小於5歲或大於等於65歲
DRG50606	全層皮膚燒傷伴有皮膚移植或吸入性傷害(3)，有合併症或併發症，年齡5-64歲
DRG50701	全層皮膚燒傷伴有皮膚移植或吸入性傷害(1)，無合併症或併發症
DRG50702	全層皮膚燒傷伴有皮膚移植或吸入性傷害(2)，無合併症或併發症，年齡小於5歲或大於等於65歲
DRG50703	全層皮膚燒傷伴有皮膚移植或吸入性傷害(2)，無合併症或併發症，年齡5-64歲
DRG50704	全層皮膚燒傷伴有皮膚移植或吸入性傷害(3)，無合併症或併發症，年齡小於5歲或大於等於65歲
DRG50705	全層皮膚燒傷伴有皮膚移植或吸入性傷害(3)，無合併症或併發症，年齡5-64歲
DRG50801	全層皮膚燒傷無皮膚移植或吸入性傷害(1)，有合併症或併發症，年齡小於5歲或大於等於65歲
DRG50802	全層皮膚燒傷無皮膚移植或吸入性傷害(1)，有合併症或併發症，年齡5-64歲
DRG50803	全層皮膚燒傷無皮膚移植或吸入性傷害(2)，有合併症或併發症，年齡小於5歲或大於等於65歲
DRG50804	全層皮膚燒傷無皮膚移植或吸入性傷害(2)，有合併症或併發症，年齡5-64歲
DRG50901	全層皮膚燒傷無皮膚移植或吸入性傷害(1)，無合併症或併發症，年齡小於5歲或大於等於65歲
DRG50902	全層皮膚燒傷無皮膚移植或吸入性傷害(1)，無合併症或併發症，年齡5-64歲
DRG50903	全層皮膚燒傷無皮膚移植或吸入性傷害(2)，無合併症或併發症，年齡小於5歲或大於等於65歲
DRG50904	全層皮膚燒傷無皮膚移植或吸入性傷害(2)，無合併症或併發症，年齡5-64歲
DRG51001	二度廣泛性燒傷(1)，有合併症或併發症
DRG51002	二度廣泛性燒傷(2)，有合併症或併發症
DRG51003	二度廣泛性燒傷(3)，有合併症或併發症
DRG51004	其餘非廣泛性燒傷，有合併症或併發症
DRG51101	二度廣泛性燒傷(1)，無合併症或併發症
DRG51102	二度廣泛性燒傷(2)，無合併症或併發症
DRG51103	二度廣泛性燒傷(3)，無合併症或併發症
DRG51104	其餘非廣泛性燒傷，無合併症或併發症
DRG46101	診斷需要其他醫療服務之手術，年齡大於等於18歲
DRG46102	診斷需要其他醫療服務之手術，年齡0-17歲，有合併症或併發症
DRG46103	診斷需要其他醫療服務之手術，年齡0-17歲，無合併症或併發症
DRG46201	復健，含物理治療、職能治療及語言治療，年齡大於等於18歲，有合併症或併發症
DRG46202	復健，含物理治療、職能治療及語言治療，年齡大於等於18歲，無合併症或併發症
DRG46203	復健，含物理治療、職能治療及語言治療，年齡0-17歲，有合併症或併發症
DRG46204	復健，含物理治療、職能治療及語言治療，年齡0-17歲，無合併症或併發症
DRG46205	復健，含物理治療、職能治療，年齡大於等於18歲，有合併症或併發症
DRG46206	復健，含物理治療、職能治療，年齡大於等於18歲，無合併症或併發症
DRG46207	復健，含物理治療、職能治療，年齡0-17歲，有合併症或併發症
DRG46208	復健，含物理治療、職能治療，年齡0-17歲，無合併症或併發症
DRG46209	其他復健，年齡大於等於18歲，有合併症或併發症
DRG46210	其他復健，年齡大於等於18歲，無合併症或併發症
DRG46211	其他復健，年齡0-17歲，有合併症或併發症
DRG46212	其他復健，年齡0-17歲，無合併症或併發症
DRG463	症狀及徵候，有合併症或併發症
DRG464	症狀及徵候，無合併症或併發症
DRG465	次要診斷為惡性腫瘤病史之恢復期調養
DRG46601	次要診斷為非惡性腫瘤病史之恢復期調養，有合併症或併發症
DRG46602	次要診斷為非惡性腫瘤病史之恢復期調養，無合併症或併發症
DRG46701	器官捐贈者，有合併症或併發症
DRG46702	器官捐贈者，無合併症或併發症
DRG46703	其他影響健康狀態之因素，有合併症或併發症
DRG46704	其他影響健康狀態之因素，無合併症或併發症
DRG48401	多發性外傷之顱骨切除術，有合併症或併發症
DRG48402	多發性外傷之顱骨切除術，無合併症或併發症
DRG48501	多發性外傷之肢體接肢及臂股手術，有合併症或併發症
DRG48502	多發性外傷之肢體接肢及臂股手術，無合併症或併發症
DRG48601	其他多發性外傷手術，有合併症或併發症
DRG48602	其他多發性外傷手術，無合併症或併發症
DRG48701	其他多發性外傷，有合併症或併發症
DRG48702	其他多發性外傷，無合併症或併發症
DRG10301	心臟移植，有合併症或併發症
DRG10302	心臟移植，無合併症或併發症
DRG48001	肝移植，有合併症或併發症
DRG48002	肝移植，無合併症或併發症
DRG48101	骨髓移植，有合併症或併發症
DRG48102	骨髓移植，無合併症或併發症
DRG48201	診斷為臉、口腔及頸部疾患之氣管造口術，有合併症或併發症
DRG48202	診斷為臉、口腔及頸部疾患之氣管造口術，無合併症或併發症
DRG48301	除臉、口腔及頸部以外疾患之氣管造口術，有使用呼吸器，有合併症或併發症
DRG48302	除臉、口腔及頸部以外疾患之氣管造口術，有使用呼吸器，無合併症或併發症
DRG48303	除臉、口腔及頸部以外疾患之氣管造口術，無使用呼吸器，有合併症或併發症
DRG48304	除臉、口腔及頸部以外疾患之氣管造口術，無使用呼吸器，無合併症或併發症
DRG49501	肺移植，有合併症或併發症
DRG49502	肺移植，無合併症或併發症
DRG512	胰臟移植
DRG00101	腦血管疾病行顱骨切開術，有呼吸器，年齡大於等於18歲，有合併症或併發症
DRG00102	腦血管疾病行顱骨切開術，有呼吸器，年齡大於等於18歲，無合併症或併發症
DRG00103	腦血管疾病行顱骨切開術，無呼吸器，年齡大於等於18歲，有合併症或併發症
DRG00104	腦血管疾病行顱骨切開術，無呼吸器，年齡大於等於18歲，無合併症或併發症
DRG00105	其他診斷行顱骨切開術，創傷除外，有呼吸器，年齡大於等於18歲，有合併症或併發症
DRG00106	其他診斷行顱骨切開術，創傷除外，有呼吸器，年齡大於等於18歲，無合併症或併發症
DRG00107	其他診斷行顱骨切開術，創傷除外，無呼吸器，年齡大於等於18歲，有合併症或併發症
DRG00108	其他診斷行顱骨切開術，創傷除外，無呼吸器，年齡大於等於18歲，無合併症或併發症
DRG00201	顱骨切開術，含有創傷，有呼吸器，有復健，年齡大於等於18歲，有合併症或併發症
DRG00202	顱骨切開術，含有創傷，有呼吸器，有復健，年齡大於等於18歲，無合併症或併發症
DRG00203	顱骨切開術，含有創傷，有呼吸器，無復健，年齡大於等於18歲，有合併症或併發症
DRG00204	顱骨切開術，含有創傷，有呼吸器，無復健，年齡大於等於18歲，無合併症或併發症
DRG00205	顱骨切開術，含有創傷，無呼吸器，有復健，年齡大於等於18歲，有合併症或併發症
DRG00206	顱骨切開術，含有創傷，無呼吸器，有復健，年齡大於等於18歲，無合併症或併發症
DRG00207	顱骨切開術，含有創傷，無呼吸器，無復健，年齡大於等於18歲，有合併症或併發症
DRG00208	顱骨切開術，含有創傷，無呼吸器，無復健，年齡大於等於18歲，無合併症或併發症
DRG00301	顱骨切開術，年齡0-17歲，有復健，有合併症或併發症
DRG00302	顱骨切開術，年齡0-17歲，有復健，無合併症或併發症
DRG00303	顱骨切開術，年齡0-17歲，無復健，有合併症或併發症
DRG00304	顱骨切開術，年齡0-17歲，無復健，無合併症或併發症
DRG00401	脊椎手術，有復健，年齡大於等於18歲，有合併症或併發症
DRG00402	脊椎手術，有復健，年齡大於等於18歲，無合併症或併發症
DRG00403	脊椎手術，有復健，年齡 0-17歲，有合併症或併發症
DRG00404	脊椎手術，有復健，年齡 0-17歲，無合併症或併發症
DRG00405	脊椎手術，無復健，年齡大於等於18歲，有合併症或併發症
DRG00406	脊椎手術，無復健，年齡大於等於18歲，無合併症或併發症
DRG00407	脊椎手術，無復健，年齡 0-17歲，有合併症或併發症
DRG00408	脊椎手術，無復健，年齡 0-17歲，無合併症或併發症
DRG00503	腦血管疾病行內視鏡顱內血管手術，有頭頸部血管支架，有合併症或併發症
DRG00504	腦血管疾病行內視鏡顱內血管手術，有頭頸部血管支架，無合併症或併發症
DRG00505	腦血管疾病行內視鏡顱內血管手術，無頭頸部血管支架，有合併症或併發症
DRG00506	腦血管疾病行內視鏡顱內血管手術，無頭頸部血管支架，無合併症或併發症
DRG00507	非腦血管疾病行內視鏡顱內血管手術，有頭頸部血管支架，有合併症或併發症
DRG00508	非腦血管疾病行內視鏡顱內血管手術，有頭頸部血管支架，無合併症或併發症
DRG00509	非腦血管疾病行內視鏡顱內血管手術，無頭頸部血管支架，有合併症或併發症
DRG00510	非腦血管疾病行內視鏡顱內血管手術，無頭頸部血管支架，無合併症或併發症
DRG00501	顱外血管手術，有合併症或併發症
DRG00502	顱外血管手術，無合併症或併發症 
DRG00601	腕隧道鬆解術，有合併症或併發症
DRG00602	腕隧道鬆解術， 無合併症或併發症
DRG00711	末梢神經、腦神經及其他神經之切開、切除或鬆解術，有合併症或併發症
DRG00811	末梢神經、腦神經及其他神經之切開、切除或鬆解術，無合併症或併發症
DRG00712	末梢神經、腦神經及其他神經之修補及重建，有合併症或併發症
DRG00812	末梢神經、腦神經及其他神經之修補及重建，無有合併症或併發症
DRG00713	四肢手術，有合併症或併發症
DRG00813	四肢手術，無合併症或併發症
DRG00714	組織及皮瓣移植，有合併症或併發症
DRG00814	組織及皮瓣移植，無合併症或併發症
DRG00715	裝置物置入或移除，有合併症或併發症
DRG00815	裝置物置入或移除，無合併症或併發症
DRG00716	顱顏手術，有合併症或併發症
DRG00816	顱顏手術，無合併症或併發症
DRG00717	其他心臟或內分泌相關手術，有合併症或併發症
DRG00817	其他心臟或內分泌相關手術，無合併症或併發症
DRG00718	放射性手術，有合併症或併發症
DRG00818	放射性手術，無合併症或併發症
DRG00901	脊椎疾患及損傷(1)，有復健，有合併症或併發症
DRG00902	脊椎疾患及損傷(1)，有復健，無合併症或併發症
DRG00911	脊椎疾患及損傷(1)，無復健，有合併症或併發症
DRG00912	脊椎疾患及損傷(1)，無復健，無合併症或併發症
DRG00913	脊椎疾患及損傷(2)，有復健，有合併症或併發症
DRG00914	脊椎疾患及損傷(2)，有復健，無合併症或併發症
DRG00915	脊椎疾患及損傷(2)，無復健，有合併症或併發症
DRG00916	脊椎疾患及損傷(2)，無復健，無合併症或併發症
DRG00917	脊椎疾患及損傷(3)，有復健
DRG00918	脊椎疾患及損傷(3)，無復健
DRG00919	脊椎疾患及損傷(4)，有復健
DRG00920	脊椎疾患及損傷(4)，無復健
DRG01001	神經系統良性腫瘤(1)，有合併症或併發症
DRG01101	神經系統良性腫瘤(1)，無合併症或併發症
DRG01002	神經系統良性腫瘤(2)，有合併症或併發症
DRG01102	神經系統良性腫瘤(2)，無合併症或併發症
DRG01211	庫賈氏症，有復健，有合併症或併發症
DRG01212	庫賈氏症，有復健，無合併症或併發症
DRG01213	庫賈氏症，無復健，有合併症或併發症
DRG01214	庫賈氏症，無復健，無合併症或併發症
DRG01215	變質性神經系統疾患(1)，有復健，有合併症或併發症
DRG01216	變質性神經系統疾患(1)，有復健，無合併症或併發症
DRG01217	變質性神經系統疾患(1)，無復健，有合併症或併發症
DRG01218	變質性神經系統疾患(1)，無復健，無合併症或併發症
DRG01221	變質性神經系統疾患(2)，有血漿置換術，有呼吸器，有復健，有合併症或併發症
DRG01222	變質性神經系統疾患(2)，有血漿置換術，有呼吸器，有復健，無合併症或併發症
DRG01223	變質性神經系統疾患(2)，有血漿置換術，有呼吸器，無復健，有合併症或併發症
DRG01224	變質性神經系統疾患(2)，有血漿置換術，有呼吸器，無復健，無合併症或併發症
DRG01225	變質性神經系統疾患(2)，有血漿置換術，無呼吸器，有復健，有合併症或併發症
DRG01226	變質性神經系統疾患(2)，有血漿置換術，無呼吸器，有復健，無合併症或併發症
DRG01227	變質性神經系統疾患(2)，有血漿置換術，無呼吸器，無復健，有合併症或併發症
DRG01228	變質性神經系統疾患(2)，有血漿置換術，無呼吸器，無復健，無合併症或併發症
DRG01229	變質性神經系統疾患(2)，無血漿置換術，有呼吸器，有復健，有合併症或併發症
DRG01230	變質性神經系統疾患(2)，無血漿置換術，有呼吸器，有復健，無合併症或併發症
DRG01231	變質性神經系統疾患(2)，無血漿置換術，有呼吸器，無復健，有合併症或併發症
DRG01232	變質性神經系統疾患(2)，無血漿置換術，有呼吸器，無復健，無合併症或併發症
DRG01233	變質性神經系統疾患(2)，無血漿置換術，無呼吸器，有復健，有合併症或併發症
DRG01234	變質性神經系統疾患(2)，無血漿置換術，無呼吸器，有復健，無合併症或併發症
DRG01235	變質性神經系統疾患(2)，無血漿置換術，無呼吸器，無復健，有合併症或併發症
DRG01236	變質性神經系統疾患(2)，無血漿置換術，無呼吸器，無復健，無合併症或併發症
DRG01301	小腦運動失調(1)，有合併症或併發症
DRG01302	小腦運動失調(1)，無合併症或併發症
DRG01303	多發性硬化症，有血漿置換術，有合併症或併發症
DRG01304	多發性硬化症，有血漿置換術，無合併症或併發症
DRG01305	多發性硬化症，無血漿置換術，有合併症或併發症
DRG01306	多發性硬化症，無血漿置換術，無合併症或併發症
DRG01307	其他中樞神經系統之脫髓鞘疾病，有血漿置換術，有合併症或併發症
DRG01308	其他中樞神經系統之脫髓鞘疾病，有血漿置換術，無合併症或併發症
DRG01309	其他中樞神經系統之脫髓鞘疾病，無血漿置換術，有合併症或併發症
DRG01310	其他中樞神經系統之脫髓鞘疾病，無血漿置換術，無合併症或併發症
DRG01411	特定性腦血管疾患，暫時性腦部缺氧除外，採血栓溶解治療2支以上，有復健，年齡大於等於18歲，有合併症或併發症
DRG01412	特定性腦血管疾患，暫時性腦部缺氧除外，採血栓溶解治療2支以上，有復健，年齡大於等於18歲，無合併症或併發症
DRG01413	特定性腦血管疾患，暫時性腦部缺氧除外，採血栓溶解治療2支以上，無復健，年齡大於等於18歲，有合併症或併發症
DRG01414	特定性腦血管疾患，暫時性腦部缺氧除外，採血栓溶解治療2支以上，無復健，年齡大於等於18歲，無合併症或併發症
DRG01415	特定性腦血管疾患，暫時性腦部缺氧除外，採血栓溶解治療1支，有復健，年齡大於等於18歲，有合併症或併發症
DRG01416	特定性腦血管疾患，暫時性腦部缺氧除外，採血栓溶解治療1支，有復健，年齡大於等於18歲，無合併症或併發症
DRG01417	特定性腦血管疾患，暫時性腦部缺氧除外，採血栓溶解治療1支，無復健，年齡大於等於18歲，有合併症或併發症
DRG01418	特定性腦血管疾患，暫時性腦部缺氧除外，採血栓溶解治療1支，無復健，年齡大於等於18歲，無合併症或併發症
DRG01419	特定性腦血管疾患，暫時性腦部缺氧除外，mRS 5分，有復健，年齡大於等於18歲，有合併症或併發症
DRG01420	特定性腦血管疾患，暫時性腦部缺氧除外，mRS 5分，有復健，年齡大於等於18歲，無合併症或併發症
DRG01421	特定性腦血管疾患，暫時性腦部缺氧除外，mRS 5分，無復健，年齡大於等於18歲，有合併症或併發症
DRG01422	特定性腦血管疾患，暫時性腦部缺氧除外，mRS 5分，無復健，年齡大於等於18歲，無合併症或併發症
DRG01423	特定性腦血管疾患，暫時性腦部缺氧除外，mRS 2-4分，有復健，年齡大於等於18歲，有合併症或併發症
DRG01424	特定性腦血管疾患，暫時性腦部缺氧除外，mRS 2-4分，有復健，年齡大於等於18歲，無合併症或併發症
DRG01425	特定性腦血管疾患，暫時性腦部缺氧除外，mRS 2-4分，無復健，年齡大於等於18歲，有合併症或併發症
DRG01426	特定性腦血管疾患，暫時性腦部缺氧除外，mRS 2-4分，無復健，年齡大於等於18歲，無合併症或併發症
DRG01427	特定性腦血管疾患，暫時性腦部缺氧除外，mRS 0-1分，有復健，年齡大於等於18歲，有合併症或併發症
DRG01428	特定性腦血管疾患，暫時性腦部缺氧除外，mRS 0-1分，有復健，年齡大於等於18歲，無合併症或併發症
DRG01429	特定性腦血管疾患，暫時性腦部缺氧除外，mRS 0-1分，無復健，年齡大於等於18歲，有合併症或併發症
DRG01430	特定性腦血管疾患，暫時性腦部缺氧除外，mRS 0-1分，無復健，年齡大於等於18歲，無合併症或併發症
DRG01401	特定性腦血管疾患，暫時性腦部缺氧除外(1)，0-17歲，有合併症或併發症
DRG01402	特定性腦血管疾患，暫時性腦部缺氧除外(1)，0-17歲，無合併症或併發症
DRG01403	特定性腦血管疾患，暫時性腦部缺氧除外(2)，0-17歲，有合併症或併發症
DRG01404	特定性腦血管疾患，暫時性腦部缺氧除外(2)，0-17歲，無合併症或併發症
DRG01405	特定性腦血管疾患，暫時性腦部缺氧除外(3)，0-17歲，有合併症或併發症
DRG01406	特定性腦血管疾患，暫時性腦部缺氧除外(3)，0-17歲，無合併症或併發症
DRG01501	腦前動脈阻塞(1)，有復健，有合併症或併發症
DRG01502	腦前動脈阻塞(1)，有復健，無合併症或併發症
DRG01507	腦前動脈阻塞(1)，無復健，有合併症或併發症
DRG01508	腦前動脈阻塞(1)，無復健，無合併症或併發症
DRG01503	腦前動脈阻塞(2)，有復健，有合併症或併發症
DRG01504	腦前動脈阻塞(2)，有復健，無合併症或併發症
DRG01513	腦前動脈阻塞(2)，無復健，有合併症或併發症
DRG01514	腦前動脈阻塞(2)，無復健，無合併症或併發症
DRG01505	暫時性腦部缺氧之發作，有呼吸器，有復健，有合併症或併發症
DRG01506	暫時性腦部缺氧之發作，有呼吸器，有復健，無合併症或併發症
DRG01515	暫時性腦部缺氧之發作，有呼吸器，無復健，有合併症或併發症
DRG01516	暫時性腦部缺氧之發作，有呼吸器，無復健，無合併症或併發症
DRG01517	暫時性腦部缺氧之發作，無呼吸器，有復健，有合併症或併發症
DRG01518	暫時性腦部缺氧之發作，無呼吸器，有復健，無合併症或併發症
DRG01519	暫時性腦部缺氧之發作，無呼吸器，無復健，有合併症或併發症
DRG01520	暫時性腦部缺氧之發作，無呼吸器，無復健，無合併症或併發症
DRG01601	未明示之腦血管疾患(1)，有呼吸器，有復健，有合併症或併發症
DRG01701	未明示之腦血管疾患(1)，有呼吸器，有復健，無合併症或併發症
DRG01603	未明示之腦血管疾患(1)，有呼吸器，無復健，有合併症或併發症
DRG01703	未明示之腦血管疾患(1)，有呼吸器，無復健，無合併症或併發症
DRG01604	未明示之腦血管疾患(1)，無呼吸器，有復健，有合併症或併發症
DRG01704	未明示之腦血管疾患(1)，無呼吸器，有復健，無合併症或併發症
DRG01605	未明示之腦血管疾患(1)，無呼吸器，無復健，有合併症或併發症
DRG01705	未明示之腦血管疾患(1)，無呼吸器，無復健，無合併症或併發症
DRG01602	未明示之腦血管疾患(2)，有復健，有合併症或併發症
DRG01702	未明示之腦血管疾患(2)，有復健，無合併症或併發症
DRG01606	未明示之腦血管疾患(2)，無復健，有合併症或併發症
DRG01706	未明示之腦血管疾患(2)，無復健，無合併症或併發症
DRG01801	腦及末梢神經疾患，有血漿置換術，有復健，有合併症或併發症
DRG01901	腦及末梢神經疾患，有血漿置換術，有復健，無合併症或併發症
DRG01802	腦及末梢神經疾患，有血漿置換術，無復健，有合併症或併發症
DRG01902	腦及末梢神經疾患，有血漿置換術，無復健，無合併症或併發症
DRG01803	腦及末梢神經疾患，無血漿置換術，有復健，有合併症或併發症
DRG01903	腦及末梢神經疾患，無血漿置換術，有復健，無合併症或併發症
DRG01804	腦及末梢神經疾患，無血漿置換術，無復健，有合併症或併發症
DRG01904	腦及末梢神經疾患，無血漿置換術，無復健，無合併症或併發症
DRG02001	顱內膿瘍，有復健，有合併症或併發症
DRG02002	顱內膿瘍，有復健，無合併症或併發症
DRG02005	顱內膿瘍，無復健，有合併症或併發症
DRG02006	顱內膿瘍，無復健，無合併症或併發症
DRG02007	其他腦炎，有復健，有合併症或併發症
DRG02008	其他腦炎，有復健，無合併症或併發症
DRG02009	其他腦炎，無復健，有合併症或併發症
DRG02010	其他腦炎，無復健，無合併症或併發症
DRG02011	急性感染性多發神經炎，有復健，有合併症或併發症
DRG02012	急性感染性多發神經炎，有復健，無合併症或併發症
DRG02013	急性感染性多發神經炎，無復健，有合併症或併發症
DRG02014	急性感染性多發神經炎，無復健，無合併症或併發症
DRG02015	其他神經系統感染，病毒性腦膜炎除外(1)，有復健，有合併症或併發症
DRG02016	其他神經系統感染，病毒性腦膜炎除外(1)，有復健，無合併症或併發症
DRG02017	其他神經系統感染，病毒性腦膜炎除外(1)，無復健，有合併症或併發症
DRG02018	其他神經系統感染，病毒性腦膜炎除外(1)，無復健，無合併症或併發症
DRG02003	疱疹性腦膜腦炎，有復健，有合併症或併發症
DRG02004	疱疹性腦膜腦炎，有復健，無合併症或併發症
DRG02019	疱疹性腦膜腦炎，無復健，有合併症或併發症
DRG02020	疱疹性腦膜腦炎，無復健，無合併症或併發症
DRG02021	其他神經系統感染，病毒性腦膜炎除外(2)，有復健，有合併症或併發症
DRG02022	其神經系統感染，病毒性腦膜炎除外(2)，有復健，無合併症或併發症
DRG02023	其神經系統感染，病毒性腦膜炎除外(2)，無復健，有合併症或併發症
DRG02024	其神經系統感染，病毒性腦膜炎除外(2)，無復健，無合併症或併發症
DRG02101	單純疱疹性腦膜炎，有復健，有合併症或併發症
DRG02102	單純疱疹性腦膜炎，有復健，無合併症或併發症
DRG02105	單純疱疹性腦膜炎，無復健，有合併症或併發症
DRG02106	單純疱疹性腦膜炎，無復健，無合併症或併發症
DRG02107	其他病毒性腦膜炎(1)，有復健，有合併症或併發症
DRG02108	其他病毒性腦膜炎(1)，有復健，無合併症或併發症
DRG02109	其他病毒性腦膜炎(1)，無復健，有合併症或併發症
DRG02110	其他病毒性腦膜炎(1)，無復健，無合併症或併發症
DRG02103	其他病毒性腦膜炎(2)，有復健，有合併症或併發症
DRG02104	其他病毒性腦膜炎(2)，有復健，無合併症或併發症
DRG02111	其他病毒性腦膜炎(2)，無復健，有合併症或併發症
DRG02112	其他病毒性腦膜炎(2)，無復健，無合併症或併發症
DRG02201	高血壓性腦病變，有復健，有合併症或併發症
DRG02202	高血壓性腦病變，有復健，無合併症或併發症
DRG02203	高血壓性腦病變，無復健，有合併症或併發症
DRG02204	高血壓性腦病變，無復健，無合併症或併發症
DRG02301	非創傷性木殭及昏迷，有復健，有合併症或併發症
DRG02302	非創傷性木殭及昏迷，有復健，無合併症或併發症
DRG02303	非創傷性木殭及昏迷，無復健，有合併症或併發症
DRG02304	非創傷性木殭及昏迷，無復健，無合併症或併發症
DRG02401	顛癇重積，年齡大於等於18歲，有合併症或併發症
DRG02501	顛癇重積，年齡大於等於18歲，無合併症或併發症
DRG02402	顛癇發作，年齡大於等於18歲，有合併症或併發症
DRG02502	顛癇發作，年齡大於等於18歲，無合併症或併發症
DRG02403	頭痛，年齡大於等於18歲，有合併症或併發症
DRG02503	頭痛，年齡大於等於18歲，無合併症或併發症
DRG02601	頑固性顛癇發作，年齡0-17歲，有合併症或併發症
DRG02602	頑固性顛癇發作，年齡0-17歲，無合併症或併發症
DRG02603	其他顛癇發作，年齡0-17歲，有合併症或併發症
DRG02604	其他顛癇發作，年齡0-17歲，無合併症或併發症
DRG02605	熱痙攣，年齡0-17歲，有合併症或併發症
DRG02606	熱痙攣，年齡0-17歲，無合併症或併發症
DRG02607	頭痛，年齡0-17歲，有合併症或併發症
DRG02608	頭痛，年齡0-17歲，無合併症或併發症
DRG02701	創傷性木殭及昏迷，昏迷超過1小時，有復健，有合併症或併發症
DRG02702	創傷性木殭及昏迷，昏迷超過1小時，有復健，無合併症或併發症
DRG02703	創傷性木殭及昏迷，昏迷超過1小時，無復健，有合併症或併發症
DRG02704	創傷性木殭及昏迷，昏迷超過1小時，無復健，無合併症或併發症
DRG02801	創傷性木殭及昏迷，昏迷少於1小時(1)，有復健，年齡大於等於18歲，有合併症或併發症
DRG02901	創傷性木殭及昏迷，昏迷少於1小時(1)，有復健，年齡大於等於18歲， 無合併症或併發症
DRG02804	創傷性木殭及昏迷，昏迷少於1小時(1)，無復健，年齡大於等於18歲，有合併症或併發症
DRG02904	創傷性木殭及昏迷，昏迷少於1小時(1)，無復健，年齡大於等於18歲， 無合併症或併發症
DRG03001	創傷性木殭及昏迷，昏迷少於1小時(1)，年齡 0-17歲， 有合併症或併發症
DRG03002	創傷性木殭及昏迷，昏迷少於1小時(1)，年齡 0-17歲， 無合併症或併發症
DRG02802	創傷性木殭，無昏迷，有復健，年齡大於等於18歲，有合併症或併發症
DRG02902	創傷性木殭，無昏迷，有復健，年齡大於等於18歲， 無合併症或併發症
DRG02805	創傷性木殭，無昏迷，無復健，年齡大於等於18歲，有合併症或併發症
DRG02905	創傷性木殭，無昏迷，無復健，年齡大於等於18歲， 無合併症或併發症
DRG03003	創傷性木殭，無昏迷，年齡 0-17歲， 有合併症或併發症
DRG03004	創傷性木殭，無昏迷，年齡 0-17歲， 無合併症或併發症
DRG02803	創傷性木殭，有腦震盪，有復健，年齡大於等於18歲，有合併症或併發症
DRG02903	創傷性木殭，有腦震盪，有復健，年齡大於等於18歲， 無合併症或併發症
DRG02806	創傷性木殭，有腦震盪，無復健，年齡大於等於18歲，有合併症或併發症
DRG02906	創傷性木殭，有腦震盪，無復健，年齡大於等於18歲， 無合併症或併發症
DRG03005	創傷性木殭，有腦震盪，年齡 0-17歲， 有合併症或併發症
DRG03006	創傷性木殭，有腦震盪，年齡 0-17歲， 無合併症或併發症
DRG031	腦震盪，年齡大於等於18歲，有合併症或併發症
DRG032	腦震盪，年齡大於等於18歲，無合併症或併發症
DRG03301	腦震盪，年齡0~17歲，有合併症或併發症
DRG03302	腦震盪，年齡0~17歲，無合併症或併發症
DRG03401	其他神經系統疾患，有復健，有合併症或併發症
DRG03501	其他神經系統疾患，有復健，無合併症或併發症
DRG03402	其他神經系統疾患，無復健，有合併症或併發症
DRG03502	其他神經系統疾患，無復健，無合併症或併發症
DRG03603	微創視網膜手術合併玻璃體手術-複雜，合併白內障水晶體手術
DRG03604	微創視網膜手術合併玻璃體手術-複雜
DRG03605	微創視網膜手術合併玻璃體手術-單純
DRG03601	視網膜手術合併玻璃體手術
DRG03602	視網膜手術無合併玻璃體手術
DRG03701	雙側眼窩手術(1)，年齡0-17歲或有複雜次診斷 
DRG03702	雙側眼窩手術(1)，年齡大於等於18歲
DRG03711	單側眼窩手術(1)，年齡0-17歲或有複雜次診斷 
DRG03712	單側眼窩手術(1)，年齡大於等於18歲
DRG03703	眼窩手術(2)，年齡0-17歲或有複雜次診斷 
DRG03704	眼窩手術(2)，年齡大於等於18歲
DRG03705	眼窩手術(3)
DRG03706	眼窩手術(4)，年齡0-17歲或有複雜次診斷 
DRG03707	眼窩手術(4)，年齡大於等於18歲
DRG03801	原發性虹膜手術(1)
DRG03802	原發性虹膜手術(2)
DRG03901	雙側水晶體手術，含玻璃體切除術
DRG03903	單側水晶體手術，含玻璃體切除術
DRG03904	雙側水晶體手術，不含玻璃體切除術
DRG03905	單側水晶體手術，不含玻璃體切除術
DRG03902	眼異物移除手術，含玻璃體切除術
DRG03906	眼異物移除手術，不含玻璃體切除術
DRG04011	淚器手術，年齡大於等於18歲
DRG04111	淚器手術，年齡0-17歲
DRG04012	眼肌斜視手術，年齡大於等於18歲
DRG04112	眼肌斜視手術，年齡0-17歲
DRG04013	眼瞼重建手術，年齡大於等於18歲
DRG04113	眼瞼重建手術，年齡0-17歲
DRG04001	外眼手術，眼窩除外(1)，年齡大於等於18歲
DRG04101	外眼手術，眼窩除外(1)，年齡0-17歲
DRG04002	外眼手術，眼窩除外(2)，年齡大於等於18歲
DRG04102	外眼手術，眼窩除外(2)，年齡0-17歲
DRG04003	外眼手術，眼窩除外(3)，年齡大於等於18歲
DRG04103	外眼手術，眼窩除外(3)，年齡0-17歲
DRG04004	外眼手術，眼窩除外(4)，年齡大於等於18歲
DRG04104	外眼手術，眼窩除外(4)，年齡0-17歲
DRG04211	深層角膜移植手術併白內障水晶體手術
DRG04203	深層角膜移植手術無白內障水晶體手術
DRG04204	內皮細胞移植
DRG04205	異體穿透性角膜移植
DRG04201	其它眼內手術，視網膜、虹膜及水晶體除外
DRG04209	前房診斷及注射等簡單處置
DRG04210	虹膜睫狀體玻璃體切除
DRG04206	前房鞏膜重整手術
DRG04207	青光眼手術(1)
DRG04208	青光眼手術(2)
DRG04301	前房出血，有合併症或併發症
DRG04302	前房出血，無合併症或併發症
DRG04403	眼窩疾患，有合併症或併發症
DRG04404	眼窩疾患，無合併症或併發症
DRG04401	急性重大之眼睛感染，有合併症或併發症
DRG04402	急性重大之眼睛感染，無合併症或併發症
DRG04501	眼神經疾患(1)，有合併症或併發症
DRG04502	眼神經疾患(1)，無合併症或併發症
DRG04503	眼神經疾患(2)，有合併症或併發症
DRG04504	眼神經疾患(2)，無合併症或併發症
DRG04601	疱疹性眼睛疾患，年齡大於等於18歲，有合併症或併發症
DRG04701	疱疹性眼睛疾患，年齡大於等於18歲，無合併症或併發症
DRG04801	疱疹性眼睛疾患，年齡0-17歲
DRG04602	其他眼睛疾患，年齡大於等於18歲，有合併症或併發症
DRG04702	其他眼睛疾患，年齡大於等於18歲，無合併症或併發症
DRG04802	其他眼睛疾患，年齡0-17歲
DRG04901	頭部及頸部重大手術，有合併症或併發症
DRG04902	頭部及頸部重大手術，無合併症或併發症
DRG05001	涎腺切除術，有合併症或併發症
DRG05002	涎腺切除術，無合併症或併發症
DRG052	唇裂及顎裂修補術
DRG05301	鼻竇及乳突手術，年齡大於等於18歲，有合併症或併發症
DRG05302	鼻竇及乳突手術，年齡大於等於18歲，無合併症或併發症
DRG05401	鼻竇及乳突手術，年齡0-17歲，有合併症或併發症
DRG05402	鼻竇及乳突手術，年齡0-17歲，無合併症或併發症
DRG05501	喉氣管支氣管畸形手術，有合併症或併發症
DRG05502	喉氣管支氣管畸形手術，無合併症或併發症
DRG05503	中耳炎手術，有合併症或併發症
DRG05504	中耳炎手術，無合併症或併發症
DRG05507	耳畸形手術，有合併症或併發症
DRG05508	耳畸形手術，無合併症或併發症
DRG05505	其他診斷行耳、鼻及咽喉手術，有合併症或併發症
DRG05506	其他診斷行耳、鼻及咽喉手術，無合併症或併發症
DRG05601	鼻成形術，有合併症或併發症
DRG05602	鼻成形術，無合併症或併發症
DRG52001	顎扁桃腺或咽扁桃腺摘出術，年齡大於等於18歲，有合併症或併發症
DRG52002	顎扁桃腺或咽扁桃腺摘出術，年齡大於等於18歲，無合併症或併發症
DRG52003	顎扁桃腺或咽扁桃腺摘出術，年齡0-17歲
DRG52004	顎扁桃腺或咽扁桃腺摘出術，併中耳通氣管植入術，0-17歲
DRG521	有插管之鼓膜切開術
DRG06303	顏面骨多處骨折手術，有合併症或併發症
DRG06304	顏面骨多處骨折手術，無合併症或併發症
DRG06305	顏面骨骨折單純手術，有合併症或併發症
DRG06306	顏面骨骨折單純手術，無合併症或併發症
DRG06307	其他耳、鼻、口腔及咽喉複雜手術，有合併症或併發症
DRG06308	其他耳、鼻、口腔及咽喉複雜手術，無合併症或併發症
DRG06309	其他耳、鼻、口腔及咽喉單純手術，有合併症或併發症
DRG06310	其他耳、鼻、口腔及咽喉單純手術，無合併症或併發症
DRG065	平衡困難
DRG067	會厭炎及喉氣管炎
DRG068	上呼吸道感染，及其他病症，年齡大於等於18歲
DRG070	上呼吸道感染，及其他病症，年齡0-17歲
DRG072	鼻創傷及變形
DRG07303	耳畸形，有合併症或併發症
DRG07304	耳畸形，無合併症或併發症
DRG07301	其他耳、鼻、口腔及咽喉診斷，年齡大於等於18歲，有合併症或併發症
DRG07302	其他耳、鼻、口腔及咽喉診斷，年齡大於等於18歲，無合併症或併發症
DRG07401	其他耳、鼻、口腔及咽喉診斷，年齡0-17歲，有合併症或併發症
DRG07402	其他耳、鼻、口腔及咽喉診斷，年齡0-17歲，無合併症或併發症
DRG168	口腔手術，有合併症或併發症
DRG169	口腔手術，無合併症或併發症
DRG18501	齒口疾病，拔除及修復除外，年齡大於等於18歲，有合併症或併發症
DRG18502	齒口疾病，拔除及修復除外，年齡大於等於18歲，無合併症或併發症
DRG18601	唇裂及顎裂，0-17歲，有合併症或併發症
DRG18602	唇裂及顎裂，0-17歲，無合併症或併發症
DRG18603	顱顏疾患，0-17歲，有合併症或併發症
DRG18604	顱顏疾患，0-17歲，無合併症或併發症
DRG18605	其它齒口疾病，拔除及修復除外，年齡0-17歲，有合併症或併發症
DRG18606	其它齒口疾病，拔除及修復除外，年齡0-17歲，無合併症或併發症
DRG18701	齒拔除及修復(1)，有使用牙齒矯正器裝置，有合併症或併發症
DRG18702	齒拔除及修復(1)，有使用牙齒矯正器裝置，無合併症或併發症
DRG18705	齒拔除及修復(1)，未使用牙齒矯正器裝置，有合併症或併發症
DRG18706	齒拔除及修復(1)，未使用牙齒矯正器裝置，無合併症或併發症
DRG18703	齒拔除及修復(2)，有使用牙齒矯正器裝置
DRG18704	齒拔除及修復(2)，未使用牙齒矯正器裝置
DRG07505	肺切除術，有合併症或併發症
DRG07506	肺切除術，無合併症或併發症
DRG07507	肺部病灶或組織局部切除或去除術 ，有合併症或併發症
DRG07508	肺部病灶或組織局部切除或去除術 ，無合併症或併發症
DRG07501	其他胸部手術(1)，有合併症或併發症
DRG07502	其他胸部手術(1)，無合併症或併發症
DRG07503	其他胸部手術(2)，有合併症或併發症
DRG07504	其他胸部手術(2)，無合併症或併發症
DRG07601	其他呼吸系統手術(1)，有合併症或併發症
DRG07701	其他呼吸系統手術(1)，無合併症或併發症
DRG07602	其他呼吸系統手術(2)，有合併症或併發症
DRG07702	其他呼吸系統手術(2)，無合併症或併發症
DRG07603	其他呼吸系統手術(3)，有合併症或併發症
DRG07703	其他呼吸系統手術(3)，無合併症或併發症
DRG07803	肺栓塞，併低血壓或休克
DRG07801	肺栓塞，無低血壓或休克，有合併症或併發症
DRG07802	肺栓塞，無低血壓或休克，無合併症或併發症
DRG07901	呼吸道感染及發炎(1)，年齡大於等於18歲，有合併症或併發症
DRG08001	呼吸道感染及發炎(1)，年齡大於等於18歲，無合併症或併發症
DRG08101	呼吸道感染及發炎(1)，年齡0-17歲，有合併症或併發症
DRG08102	呼吸道感染及發炎(1)，年齡0-17歲，無合併症或併發症
DRG07902	呼吸道感染及發炎(2)，年齡大於等於18歲，有合併症或併發症
DRG08002	呼吸道感染及發炎(2)，年齡大於等於18歲，無合併症或併發症
DRG08103	呼吸道感染及發炎(2)，年齡0-17歲，有合併症或併發症
DRG08104	呼吸道感染及發炎(2)，年齡0-17歲，無合併症或併發症
DRG07906	細菌性肺炎，年齡大於等於18歲，有合併症或併發症
DRG08006	細菌性肺炎，年齡大於等於18歲，無合併症或併發症
DRG08111	細菌性肺炎，年齡0-17歲，有合併症或併發症
DRG08112	細菌性肺炎，年齡0-17歲，無合併症或併發症
DRG07907	肺膿瘍，年齡大於等於18歲，有合併症或併發症
DRG08007	肺膿瘍，年齡大於等於18歲，無合併症或併發症
DRG08113	肺膿瘍，年齡0-17歲，有合併症或併發症
DRG08114	肺膿瘍，年齡0-17歲，無合併症或併發症
DRG07903	呼吸道感染及發炎(3)，年齡大於等於18歲，有合併症或併發症
DRG08003	呼吸道感染及發炎(3)，年齡大於等於18歲，無合併症或併發症
DRG08105	呼吸道感染及發炎(3)，年齡0-17歲，有合併症或併發症
DRG08106	呼吸道感染及發炎(3)，年齡0-17歲，無合併症或併發症
DRG07904	呼吸道感染及發炎(4)，年齡大於等於18歲，有合併症或併發症
DRG08004	呼吸道感染及發炎(4)，年齡大於等於18歲，無合併症或併發症
DRG08107	呼吸道感染及發炎(4)，年齡0-17歲，有合併症或併發症
DRG08108	呼吸道感染及發炎(4)，年齡0-17歲，無合併症或併發症
DRG07905	呼吸道感染及發炎(5)，年齡大於等於18歲，有合併症或併發症
DRG08005	呼吸道感染及發炎(5)，年齡大於等於18歲，無合併症或併發症
DRG08109	呼吸道感染及發炎(5)，年齡0-17歲
DRG082	呼吸道腫瘤
DRG08301	重大胸部創傷(1)，有合併症或併發症
DRG08401	重大胸部創傷(1)，無合併症或併發症
DRG08302	重大胸部創傷(2)，有合併症或併發症
DRG08402	重大胸部創傷(2)，無合併症或併發症
DRG08303	重大胸部創傷(3)，有合併症或併發症
DRG08403	重大胸部創傷(3)，無合併症或併發症
DRG085	胸（肋）膜積水，有合併症或併發症
DRG086	胸（肋）膜積水，無合併症或併發症
DRG08701	急性肺水腫及呼吸衰竭，有合併症或併發症
DRG08702	急性肺水腫及呼吸衰竭，無合併症或併發症
DRG08705	慢性或外傷性肺功能不足，有合併症或併發症
DRG08706	慢性或外傷性肺功能不足，無合併症或併發症
DRG08703	其他肺充血及水腫，有合併症或併發症
DRG08704	其他肺充血及水腫，無合併症或併發症
DRG08801	慢性阻塞性肺疾病，有合併症或併發症
DRG08802	慢性阻塞性肺疾病，無合併症或併發症
DRG08901	單純性肺炎及胸（肋）膜炎，年齡大於等於80歲，有合併症或併發症
DRG09001	單純性肺炎及胸（肋）膜炎，年齡大於等於80歲，無合併症或併發症
DRG08902	單純性肺炎及胸（肋）膜炎，年齡18-79歲，有合併症或併發症
DRG09002	單純性肺炎及胸（肋）膜炎，年齡18-79歲，無合併症或併發症
DRG09101	單純性肺炎及胸（肋）膜炎，年齡0-17歲，有合併症或併發症
DRG09102	單純性肺炎及胸（肋）膜炎，年齡0-17歲，無合併症或併發症
DRG092	間質性肺部疾病，有合併症或併發症
DRG093	間質性肺部疾病，無合併症或併發症
DRG094	氣胸，合併症或併發症
DRG095	氣胸，無合併症或併發症
DRG09601	支氣管炎及氣喘(1)，年齡大於等於18歲，有合併症或併發症
DRG09701	支氣管炎及氣喘(1)，年齡大於等於18歲，無合併症或併發症
DRG09801	支氣管炎及氣喘(1)，年齡0-17歲，有合併症或併發症
DRG09802	支氣管炎及氣喘(1)，年齡0-17歲，無合併症或併發症
DRG09602	支氣管炎及氣喘(2)，年齡大於等於18歲，有合併症或併發症
DRG09702	支氣管炎及氣喘(2)，年齡大於等於18歲，無合併症或併發症
DRG09803	支氣管炎及氣喘(2)，年齡0-17歲，有合併症或併發症
DRG09804	支氣管炎及氣喘(2)，年齡0-17歲，無合併症或併發症
DRG09901	換氣過度，有合併症或併發症
DRG10001	換氣過度，無合併症或併發症
DRG09904	無呼吸，有合併症或併發症
DRG10004	無呼吸，無合併症或併發症
DRG09905	肺功能不全，有呼吸器，有合併症或併發症
DRG10005	肺功能不全，有呼吸器，無合併症或併發症
DRG09906	肺功能不全，無呼吸器，有合併症或併發症
DRG10006	肺功能不全，無呼吸器，無合併症或併發症
DRG09902	其他呼吸系統症狀及徵候，有呼吸器，有合併症或併發症
DRG10002	其他呼吸系統症狀及徵候，有呼吸器，無合併症或併發症
DRG09907	其他呼吸系統症狀及徵候，無呼吸器，有合併症或併發症
DRG10007	其他呼吸系統症狀及徵候，無呼吸器，無合併症或併發症 
DRG09903	咳血，有合併症或併發症
DRG10003	咳血，無合併症或併發症
DRG10101	其他呼吸系統診斷(1)，有合併症或併發症
DRG10201	其他呼吸系統診斷(1)，無合併症或併發症
DRG10102	其他呼吸系統診斷(2)，有合併症或併發症
DRG10202	其他呼吸系統診斷(2)，無合併症或併發症
DRG10103	其他呼吸系統診斷(3)，有合併症或併發症
DRG10203	其他呼吸系統診斷(3)，無合併症或併發症
DRG10104	其他呼吸系統診斷(4)，有合併症或併發症
DRG10204	其他呼吸系統診斷(4)，無合併症或併發症
DRG10105	其他呼吸系統診斷(5)，有合併症或併發症
DRG10205	其他呼吸系統診斷(5)，無合併症或併發症
DRG10106	氣管，支氣管及肺之異物，有合併症或併發症
DRG10206	氣管，支氣管及肺之異物，無合併症或併發症
DRG10107	喉，氣管及肺燒傷，有合併症或併發症
DRG10207	喉，氣管及肺燒傷，無合併症或併發症
DRG47501	使用人工呼吸器之呼吸系統診斷，使用呼吸器大於等於96小時，有合併症或併發症
DRG47502	使用人工呼吸器之呼吸系統診斷，使用呼吸器大於等於96小時，無合併症或併發症
DRG47503	使用人工呼吸器之呼吸系統診斷，使用呼吸器小於96小時，有合併症或併發症
DRG47504	使用人工呼吸器之呼吸系統診斷，使用呼吸器小於96小時，無合併症或併發症
DRG10401	心瓣膜手術及其他重大心臟胸腔手術，伴有心導管(1)
DRG10402	心瓣膜手術(3瓣)及其他重大心臟胸腔手術，伴有心導管(2)，有合併症或併發症
DRG10403	心瓣膜手術(3瓣）及其他重大心臟胸腔手術，伴有心導管(2)，無合併症或併發症
DRG10409	心瓣膜手術(2瓣）及其他重大心臟胸腔手術，伴有心導管(2)，有合併症或併發症
DRG10410	心瓣膜手術(2瓣）及其他重大心臟胸腔手術，伴有心導管(2)，無合併症或併發症
DRG10404	心瓣膜手術及其他重大心臟胸腔手術，伴有心導管(3)
DRG10405	心瓣膜手術及其他重大心臟胸腔手術，伴有心導管(4)
DRG10406	心瓣膜手術及其他重大心臟胸腔手術，伴有心導管(5)
DRG10407	心瓣膜手術及其他重大心臟胸腔手術，伴有心導管(6)，有合併症或併發症
DRG10408	心瓣膜手術及其他重大心臟胸腔手術，伴有心導管(6)，無合併症或併發症
DRG10501	心瓣膜手術及其他重大心臟胸腔手術，無心導管(1)
DRG10502	心瓣膜手術(3瓣）及其他重大心臟胸腔手術，無心導管(2)，有合併症或併發症
DRG10503	心瓣膜手術(3瓣）及其他重大心臟胸腔手術，無心導管(2)，無合併症或併發症
DRG10509	心瓣膜手術(2瓣）及其他重大心臟胸腔手術，無心導管(2)，有合併症或併發症
DRG10510	心瓣膜手術(2瓣）及其他重大心臟胸腔手術，無心導管(2)，無合併症或併發症
DRG10504	心瓣膜手術及其他重大心臟胸腔手術，無心導管(3)
DRG10505	心瓣膜手術及其他重大心臟胸腔手術，無心導管(4)
DRG10506	心瓣膜手術及其他重大心臟胸腔手術，無心導管(5)
DRG10507	心瓣膜手術及其他重大心臟胸腔手術，無心導管(6)，有合併症或併發症
DRG10508	心瓣膜手術及其他重大心臟胸腔手術，無心導管(6)，無合併症或併發症
DRG10611	冠狀動脈繞道2處以上血管手術伴有3個以上心瓣膜手術，有合併症或併發症
DRG10612	冠狀動脈繞道2處以上血管手術伴有3個以上心瓣膜手術，無合併症或併發症
DRG10613	冠狀動脈繞道2處以上血管手術伴有2個心瓣膜手術，有合併症或併發症
DRG10614	冠狀動脈繞道2處以上血管手術伴有2個心瓣膜手術，無合併症或併發症
DRG10615	冠狀動脈繞道2處以上血管手術伴有1個心瓣膜手術，有合併症或併發症
DRG10616	冠狀動脈繞道2處以上血管手術伴有1個心瓣膜手術，無合併症或併發症
DRG10621	冠狀動脈繞道1處血管手術伴有3個以上心瓣膜手術，有合併症或併發症
DRG10622	冠狀動脈繞道1處血管手術伴有3個以上心瓣膜手術，無合併症或併發症
DRG10623	冠狀動脈繞道1處血管手術伴有2個心瓣膜手術，有合併症或併發症
DRG10624	冠狀動脈繞道1處血管手術伴有2個心瓣膜手術，無合併症或併發症
DRG10625	冠狀動脈繞道1處血管手術伴有1個心瓣膜手術，有合併症或併發症
DRG10626	冠狀動脈繞道1處血管手術伴有1個心瓣膜手術，無合併症或併發症
DRG10601	冠狀動脈繞道手術伴有經皮冠狀動脈多處血管成形術或瓣膜成形術，有合併症或併發症
DRG10602	冠狀動脈繞道手術伴有經皮冠狀動脈多處血管成形術或瓣膜成形術，無合併症或併發症
DRG10603	冠狀動脈繞道手術伴有經皮冠狀動脈單處血管成形術，有合併症或併發症
DRG10604	冠狀動脈繞道手術伴有經皮冠狀動脈單處血管成形術，無合併症或併發症
DRG10701	多處血管冠狀動脈繞道手術，伴有心導管
DRG10702	單處血管冠狀動脈繞道手術，伴有心導管
DRG10801	其他心臟胸腔手術，有合併症或併發症
DRG10802	其他心臟胸腔手術，無合併症或併發症
DRG10901	多處血管冠狀動脈繞道手術，無心導管
DRG10902	單處血管冠狀動脈繞道手術，無心導管
DRG11001	胸主動脈瘤剝離手術，有合併症或併發症
DRG11101	胸主動脈瘤剝離手術，無合併症或併發症
DRG11007	胸腹(腹)主動脈瘤剝離手術，有合併症或併發症
DRG11107	胸腹(腹)主動脈瘤剝離手術，無合併症或併發症
DRG11008	胸腹主動脈瘤手術，有合併症或併發症
DRG11108	胸腹主動脈瘤手術，無合併症或併發症
DRG11005	重大心血管手術(1)，有合併症或併發症
DRG11105	重大心血管手術(1)，無合併症或併發症
DRG11002	開放性動脈廔管(≧2.5MM)，重大心血管手術(2)，有合併症或併發症
DRG11102	開放性動脈廔管(≧2.5MM)，重大心血管手術(2)，無合併症或併發症
DRG11006	開放性動脈廔管(＜2.5MM)，重大心血管手術(2)，有合併症或併發症
DRG11106	開放性動脈廔管(＜2.5MM)，重大心血管手術(2)，無合併症或併發症
DRG11003	重大心血管手術(3)，有合併症或併發症
DRG11103	重大心血管手術(3)，無合併症或併發症
DRG11004	重大心血管手術(4)，有合併症或併發症
DRG11104	重大心血管手術(4)，無合併症或併發症
DRG11201	多處血管及其他經皮心臟血管手術
DRG11202	單處血管經皮心臟血管手術
DRG11203	經導管心臟病灶或組織剝除術
DRG11204	其他經皮心臟血管手術
DRG11301	循環系統疾患截斷術，膝以上，有合併症或併發症
DRG11302	循環系統疾患截斷術，膝以上，無合併症或併發症
DRG11303	循環系統疾患截斷術，腳踝至膝，有合併症或併發症
DRG11304	循環系統疾患截斷術，腳踝至膝，無合併症或併發症
DRG11305	循環系統疾患截斷術，腳踝以下，有合併症或併發症
DRG11306	循環系統疾患截斷術，腳踝以下，無合併症或併發症
DRG11401	上肢循環系統截斷術，有合併症或併發症
DRG11402	上肢循環系統截斷術，無合併症或併發症
DRG11501	永久性心律調節器裝置術，伴有急性心肌梗塞、心臟衰竭或休克或自動心臟，有合併症或併發症
DRG11502	永久性心律調節器裝置術，伴有急性心肌梗塞、心臟衰竭或休克或自動心臟，無合併症或併發症
DRG11503	自動心臟去顫器及電極植入術，有合併症或併發症
DRG11504	自動心臟去顫器及電極植入術，無合併症或併發症
DRG11601	經皮冠狀動脈單處血管成形術，伴有冠狀動脈血管支架
DRG11602	經皮冠狀動脈多處血管成形術，伴有冠狀動脈血管支架
DRG11603	其他永久性心律調節器裝置術(雙腔)
DRG11604	其他永久性心律調節器裝置術(單腔)
DRG11605	同時執行永久性心律調節器裝置術及經皮冠狀動脈成形術，伴有冠狀動脈血管支架
DRG11606	心房同步雙心室心律調節器裝置術
DRG11701	心律調節器矯正術，裝置置換除外，有合併症或併發症
DRG11702	心律調節器矯正術，裝置置換除外，無合併症或併發症
DRG11801	心律調節器置換術（雙腔），有合併症或併發症
DRG11802	心律調節器置換術（雙腔），無合併症或併發症
DRG11803	心律調節器置換術（單腔），有合併症或併發症
DRG11804	心律調節器置換術（單腔），無合併症或併發症
DRG11901	靜脈結紮及摘除術，有合併症或併發症
DRG11902	靜脈結紮及摘除術，無合併症或併發症
DRG12001	其他循環系統手術，有合併症或併發症
DRG12002	其他循環系統手術，無合併症或併發症
DRG12101	伴有心肌梗塞之循環性疾病，伴有心臟血管併發症，出院時存活者，伴有心導管
DRG12102	伴有心肌梗塞之循環性疾病，伴有心臟血管併發症，出院時存活者，無心導管
DRG12201	伴有心肌梗塞之循環性疾病，無心臟血管併發症，出院時存活者，伴有心導管
DRG12202	伴有心肌梗塞之循環性疾病，無心臟血管併發症，無心導管
DRG124	循環性疾病，急性心肌梗塞除外，有心導管，有複雜診斷
DRG125	循環性疾病，急性心肌梗塞除外，有心導管，無複雜診斷
DRG12601	急性及亞急性心內膜炎，有多重複雜次診斷
DRG12602	急性及亞急性心內膜炎，無多重複雜次診斷，有合併症或併發症
DRG12603	急性及亞急性心內膜炎，無多重複雜次診斷，無合併症或併發症
DRG12702	心臟衰竭，使用呼吸器大於等於96小時，有合併症或併發症
DRG12703	心臟衰竭，使用呼吸器大於等於96小時，無合併症或併發症
DRG12704	心臟衰竭，使用呼吸器小於96小時，有合併症或併發症
DRG12705	心臟衰竭，使用呼吸器小於96小時，無合併症或併發症
DRG12706	心臟衰竭，無呼吸器，有合併症或併發症
DRG12707	心臟衰竭，無呼吸器，無合併症或併發症
DRG12708	休克，使用呼吸器大於等於96小時，有合併症或併發症
DRG12709	休克，使用呼吸器大於等於96小時，無合併症或併發症
DRG12710	休克，使用呼吸器小於96小時，有合併症或併發症
DRG12711	休克，使用呼吸器小於96小時，無合併症或併發症
DRG12712	休克，無呼吸器，有合併症或併發症
DRG12713	休克，無呼吸器，無合併症或併發症
DRG12801	深部血栓靜脈性炎，有合併症或併發症
DRG12802	深部血栓靜脈性炎，無合併症或併發症
DRG12901	心跳停止，不明原因，使用呼吸器大於等於96小時，有合併症或併發症
DRG12902	心跳停止，不明原因，使用呼吸器大於等於96小時，無合併症或併發症
DRG12903	心跳停止，不明原因，使用呼吸器小於96小時，有合併症或併發症
DRG12904	心跳停止，不明原因，使用呼吸器小於96小時，無合併症或併發症
DRG12905	心跳停止，不明原因，無呼吸器，有合併症或併發症
DRG12906	心跳停止，不明原因，無呼吸器，無合併症或併發症
DRG13003	主動脈或胸主動脈瘤剝離，有合併症或併發症
DRG13103	主動脈或胸主動脈瘤剝離，無合併症或併發症
DRG13004	腹主動脈或胸腹主動脈瘤剝離，有合併症或併發症
DRG13104	腹主動脈或胸腹主動脈瘤剝離，無合併症或併發症
DRG13001	其他末梢血管疾患(1)，有合併症或併發症
DRG13101	其他末梢血管疾患(1)，無合併症或併發症
DRG13002	末梢血管疾患(2)，有合併症或併發症
DRG13102	末梢血管疾患(2)，無合併症或併發症
DRG132	動脈粥樣硬化，有合併症或併發症
DRG133	動脈粥樣硬化，無合併症或併發症
DRG13401	高血壓，有合併症或併發症
DRG13402	高血壓，無合併症或併發症
DRG135	先天性心臟及瓣膜疾患，年齡大於等於18歲，有合併症或併發症
DRG136	先天性心臟及瓣膜疾患，年齡大於等於18歲，無合併症或併發症
DRG13701	先天性心臟及瓣膜疾患，年齡7-17歲，有合併症或併發症
DRG13702	先天性心臟及瓣膜疾患，年齡7-17歲，無合併症或併發症
DRG13703	先天性心臟及瓣膜疾患，年齡2-6歲，有合併症或併發症
DRG13704	先天性心臟及瓣膜疾患，年齡2-6歲，無合併症或併發症
DRG13705	先天性心臟及瓣膜疾患，年齡0-1歲，有合併症或併發症
DRG13706	先天性心臟及瓣膜疾患，年齡0-1歲，無合併症或併發症
DRG13801	心律不整及傳導障礙(1)，有合併症或併發症
DRG13901	心律不整及傳導障礙(1)，無合併症或併發症
DRG13802	心律不整及傳導障礙(2)未施行經由靜脈暫時性心臟整律器系統移植術，有合併症或併發症
DRG13902	心律不整及傳導障礙(2)未施行經由靜脈暫時性心臟整律器系統移植術，無合併症或併發症
DRG13804	心律不整及傳導障礙(2)有施行經由靜脈暫時性心臟整律器系統移植術，有合併症或併發症
DRG13904	心律不整及傳導障礙(2)有施行經由靜脈暫時性心臟整律器系統移植術，無合併症或併發症
DRG13803	心律不整及傳導障礙(3)未施行經由靜脈暫時性心臟整律器系統移植術，有合併症或併發症
DRG13903	心律不整及傳導障礙(3)未施行經由靜脈暫時性心臟整律器系統移植術，無合併症或併發症
DRG13805	心律不整及傳導障礙(3)有施行經由靜脈暫時性心臟整律器系統移植術，有合併症或併發症
DRG13905	心律不整及傳導障礙(3) 有施行經由靜脈暫時性心臟整律器系統移植術，無合併症或併發症
DRG14001	心絞痛，有合併症或併發症
DRG14002	心絞痛，無合併症或併發症
DRG14101	暈厥及虛脫，有合併症或併發症
DRG14201	暈厥及虛脫，無合併症或併發症
DRG14102	其他低血壓，有合併症或併發症
DRG14202	其他低血壓，無合併症或併發症
DRG143	胸痛
DRG14401	其他循環系統診斷(1)，有合併症或併發症
DRG14501	其他循環系統診斷(1)，無合併症或併發症
DRG14402	其他循環系統診斷(2)，有合併症或併發症
DRG14502	其他循環系統診斷(2)，無合併症或併發症
DRG14403	其他循環系統診斷(3)，有合併症或併發症
DRG14503	其他循環系統診斷(3)，無合併症或併發症
DRG47801	其他血管手術(1)，有合併症或併發症
DRG47901	其他血管手術(1)，無合併症或併發症
DRG47802	其他血管手術(2)，有合併症或併發症
DRG47902	其他血管手術(2)，無合併症或併發症
DRG47805	下肢動脈血管閉塞術，有合併症或併發症
DRG47905	下肢動脈血管閉塞術，無合併症或併發症
DRG47806	上肢血管外科閉塞術，有合併症或併發症
DRG47906	上肢血管外科閉塞術，無合併症或併發症
DRG47803	其他血管手術，或非冠狀動脈血管成形術無血管支架植入術，有合併症或併發症
DRG47903	其他血管手術，或非冠狀動脈血管成形術無血管支架植入術，無合併症或併發症
DRG47804	非冠狀動脈血管成形術併血管支架植入，多處，有合併症或併發症
DRG47904	非冠狀動脈血管成形術併血管支架植入，多處，無合併症或併發症
DRG47807	非冠狀動脈血管成形術併血管支架植入，單處，有合併症或併發症
DRG47907	非冠狀動脈血管成形術併血管支架植入，單處，無合併症或併發症
